frame	kind	x	y	w	h	area
0	PLANT	477	787	136	100	3317
1	PLANT	535	813	74	70	2324
1	VEL-HI	576	608	128	256	20
1	VEL-HI	64	704	192	96	10
2	PLANT	534	809	75	72	1908
2	VEL-HI	576	608	128	256	22
2	VEL-HI	576	1056	128	224	14
2	VEL-LO	0	0	640	512	211
3	PLANT	533	803	52	36	1044
3	VEL-HI	576	608	128	256	21
3	VEL-HI	480	1088	192	192	16
3	VEL-LO	0	0	544	352	114
4	PLANT	475	777	116	61	2188
4	VEL-HI	576	576	128	288	21
4	VEL-HI	512	1120	192	160	16
4	VEL-LO	0	0	384	512	137
5	PLANT	525	803	54	32	1041
5	VEL-HI	544	608	160	256	23
5	VEL-HI	512	1152	192	128	14
5	VEL-LO	0	128	384	416	108
6	PLANT	527	799	76	68	1925
6	VEL-HI	544	576	160	384	31
6	VEL-HI	512	1024	192	256	22
7	PLANT	527	797	70	68	1835
7	VEL-HI	544	576	160	256	24
7	VEL-HI	448	1088	224	192	18
7	VEL-LO	0	0	544	544	186
8	PLANT	525	795	72	66	1884
8	VEL-HI	576	576	128	256	20
8	VEL-HI	96	672	192	128	14
8	VEL-LO	0	0	544	672	174
9	PLANT	525	790	46	39	938
9	VEL-HI	576	640	128	192	16
9	VEL-HI	96	640	160	160	9
9	VEL-LO	288	0	384	544	112
10	PLANT	523	788	72	65	1645
10	VEL-HI	32	640	192	192	15
10	VEL-HI	576	672	128	160	12
10	VEL-LO	224	0	480	512	133
11	PLANT	525	783	72	66	1874
11	VEL-HI	0	640	320	96	14
11	VEL-HI	576	672	96	160	9
11	VEL-LO	256	0	448	448	102
12	PLANT	525	777	70	68	1732
12	VEL-HI	0	640	352	160	20
12	VEL-LO	352	0	352	992	145
13	PLANT	525	769	70	70	1707
13	VEL-HI	576	608	128	128	12
13	VEL-HI	224	736	96	64	4
13	VEL-LO	384	0	320	864	120
14	PLANT	525	763	70	68	1704
14	VEL-LO	0	800	160	128	11
15	PLANT	525	762	68	65	1700
15	VEL-LO	416	32	288	608	65
16	PLANT	526	753	68	68	1610
16	VEL-LO	480	192	224	448	41
17	PLANT	529	745	70	70	1623
17	VEL-HI	32	128	96	64	4
17	VEL-LO	480	192	224	480	38
18	PLANT	529	739	48	50	1082
18	VEL-HI	160	672	128	96	7
18	VEL-LO	480	288	192	384	26
19	PLANT	531	733	46	56	1066
19	VEL-HI	128	64	64	96	5
19	VEL-HI	96	704	96	96	5
19	VEL-LO	480	320	192	352	26
20	PLANT	531	727	46	49	1044
20	VEL-HI	96	672	128	96	4
20	VEL-LO	480	192	192	480	36
21	PLANT	531	721	48	48	991
21	VEL-LO	480	64	224	608	49
22	VEL-HI	224	960	96	96	5
22	VEL-LO	480	224	192	416	37
23	PLANT	535	705	44	48	920
23	VEL-HI	160	576	128	160	9
23	VEL-HI	352	544	96	96	4
23	VEL-LO	512	256	160	384	28
24	PLANT	539	697	41	46	927
24	VEL-HI	64	544	384	192	28
24	VEL-LO	544	32	128	320	22
25	PLANT	535	689	44	46	952
25	VEL-HI	32	608	256	160	16
26	VEL-HI	128	576	192	160	14
26	VEL-HI	608	640	96	128	7
27	PLANT	489	653	43	48	936
27	VEL-HI	192	576	96	64	5
27	VEL-HI	32	640	64	96	5
27	VEL-LO	544	32	160	288	16
28	PLANT	487	647	94	68	1965
28	VEL-HI	32	608	256	128	14
28	VEL-HI	576	640	96	96	5
28	VEL-LO	576	0	128	256	17
29	VEL-HI	128	0	96	128	7
29	VEL-HI	32	640	96	96	6
30	PLANT	539	659	42	45	920
30	VEL-HI	128	512	192	192	16
30	VEL-HI	32	640	64	96	5
31	VEL-HI	128	544	224	192	25
31	VEL-HI	608	544	96	192	11
32	VEL-HI	128	512	224	128	16
32	VEL-HI	608	512	96	128	8
32	VEL-LO	320	0	384	864	111
33	VEL-HI	160	512	192	128	13
33	VEL-HI	608	448	96	192	12
33	VEL-LO	320	0	384	480	99
34	VEL-HI	576	448	128	224	18
34	VEL-HI	192	512	192	96	9
34	VEL-LO	416	0	288	480	79
35	VEL-HI	576	416	128	288	25
35	VEL-HI	576	896	128	160	9
35	VEL-LO	32	0	576	544	147
36	PLANT	533	638	46	44	967
36	VEL-HI	576	416	128	288	23
36	VEL-HI	608	928	96	128	6
37	PLANT	403	625	78	38	1363
37	PLANT	533	635	44	44	921
37	VEL-HI	576	416	128	288	23
37	VEL-HI	608	1024	96	160	7
37	VEL-LO	0	640	416	384	79
38	PLANT	403	621	78	40	1398
38	VEL-HI	576	416	128	288	21
38	VEL-HI	224	512	224	96	12
38	VEL-LO	0	480	544	640	124
39	PLANT	399	617	82	40	1435
39	VEL-HI	96	480	320	160	24
39	VEL-HI	608	480	96	128	8
39	VEL-LO	0	1024	448	256	62
40	PLANT	397	613	82	40	1490
40	VEL-HI	576	512	128	192	11
40	VEL-HI	96	608	160	96	10
41	PLANT	397	609	80	42	1454
41	VEL-HI	576	512	96	96	6
41	VEL-HI	96	1152	64	96	4
41	VEL-LO	224	736	416	544	151
42	PLANT	395	605	82	40	1500
42	VEL-HI	608	512	96	64	6
42	VEL-HI	192	832	64	128	5
42	VEL-LO	320	672	352	608	133
43	PLANT	393	601	84	42	1598
43	VEL-HI	608	448	96	96	7
43	VEL-HI	576	1184	96	96	6
43	VEL-LO	288	608	288	448	82
44	PLANT	393	595	84	44	1749
44	PLANT	534	604	47	47	989
44	VEL-HI	0	0	128	192	14
44	VEL-HI	128	512	192	96	9
44	VEL-LO	256	320	352	672	81
45	PLANT	391	571	196	63	3802
45	VEL-HI	0	0	128	256	17
45	VEL-HI	320	0	96	96	6
46	PLANT	389	563	204	68	4027
46	VEL-HI	32	448	224	96	10
46	VEL-HI	32	64	64	160	9
47	PLANT	387	555	218	72	4656
47	PLANT	217	651	34	48	954
47	VEL-HI	0	64	224	160	17
47	VEL-HI	320	32	96	128	8
48	PLANT	385	547	228	78	4650
48	PLANT	207	647	36	53	1070
48	VEL-HI	224	0	320	160	22
48	VEL-HI	0	64	96	128	8
48	VEL-LO	288	576	288	288	48
49	PLANT	381	539	241	84	5237
49	PLANT	193	647	42	50	1172
49	VEL-HI	0	0	192	160	17
49	VEL-HI	256	32	160	64	8
50	PLANT	379	531	251	90	5754
50	PLANT	181	645	44	54	1317
50	VEL-HI	0	32	224	192	20
50	VEL-HI	256	0	288	96	16
51	PLANT	375	523	260	96	6649
51	PLANT	169	641	44	58	1435
51	VEL-HI	192	0	160	96	9
51	VEL-HI	64	0	96	128	8
52	PLANT	369	513	273	104	7368
52	PLANT	157	639	48	60	1589
52	VEL-HI	32	0	352	96	22
52	VEL-HI	64	416	128	96	7
52	VEL-LO	288	544	384	288	63
53	PLANT	363	506	290	107	8261
53	PLANT	143	635	50	66	1671
53	PLANT	281	605	42	40	969
53	VEL-HI	32	352	384	96	21
53	VEL-HI	32	32	64	128	6
53	VEL-LO	288	480	416	416	83
54	PLANT	357	499	292	112	8942
54	PLANT	131	633	52	66	1795
54	PLANT	273	603	44	40	1044
54	VEL-HI	64	288	192	160	11
54	VEL-HI	0	32	96	128	8
54	VEL-LO	288	480	416	416	99
55	PLANT	353	493	302	114	9403
55	PLANT	121	631	52	69	1928
55	PLANT	265	599	46	42	1080
55	VEL-HI	32	224	96	96	5
55	VEL-HI	416	864	96	96	5
55	VEL-LO	256	512	448	352	86
56	PLANT	347	487	310	120	9880
56	PLANT	109	629	56	70	2038
56	PLANT	257	597	48	42	1149
56	VEL-HI	96	224	128	96	8
56	VEL-HI	608	480	96	96	6
56	VEL-LO	256	512	448	512	102
57	PLANT	343	479	316	124	10127
57	PLANT	99	627	58	70	2159
57	PLANT	251	593	48	43	1186
57	VEL-HI	320	128	128	96	8
57	VEL-HI	32	160	64	64	4
57	VEL-LO	256	544	448	384	93
58	PLANT	337	473	321	116	9999
58	PLANT	87	623	62	74	2355
58	PLANT	245	589	48	42	1216
58	VEL-HI	32	544	128	96	5
58	VEL-LO	256	544	448	416	91
59	PLANT	331	461	328	124	10548
59	PLANT	73	617	68	76	2577
59	PLANT	237	581	50	45	1333
59	VEL-HI	0	0	480	224	35
59	VEL-HI	96	256	160	96	9
59	VEL-LO	448	576	192	384	40
60	PLANT	327	455	375	136	12005
60	PLANT	63	615	70	78	2650
60	PLANT	231	577	50	47	1382
60	VEL-HI	128	96	64	128	6
60	VEL-HI	576	1152	96	96	6
60	VEL-LO	256	512	448	512	108
61	PLANT	321	447	360	196	12545
61	PLANT	53	613	72	79	2802
61	PLANT	223	575	53	48	1450
61	VEL-HI	0	320	64	64	4
61	VEL-HI	640	448	64	64	4
61	VEL-LO	288	512	416	512	125
62	PLANT	313	443	388	145	13379
62	PLANT	45	611	72	80	2964
62	PLANT	217	571	53	50	1478
62	VEL-HI	640	416	64	96	5
62	VEL-HI	544	1120	96	96	5
62	VEL-LO	256	480	448	512	120
63	PLANT	309	437	352	138	12443
63	PLANT	35	609	74	82	3013
63	PLANT	211	569	54	50	1508
63	VEL-HI	640	384	64	96	5
63	VEL-HI	0	832	64	64	4
63	VEL-LO	224	480	480	512	108
64	PLANT	305	431	382	202	13966
64	PLANT	27	607	74	82	3042
64	PLANT	204	565	56	52	1496
64	VEL-HI	160	1216	64	64	4
64	VEL-LO	224	576	480	448	110
65	PLANT	301	429	406	200	14991
65	PLANT	19	605	76	84	3177
65	PLANT	197	563	58	54	1582
65	VEL-HI	32	384	256	96	12
65	VEL-HI	640	320	64	64	4
65	VEL-LO	224	576	480	448	109
66	PLANT	295	425	408	147	14369
66	PLANT	13	603	76	86	3303
66	PLANT	193	561	57	54	1605
66	VEL-HI	416	224	96	128	7
66	VEL-HI	544	32	64	96	5
66	VEL-LO	384	544	320	544	111
67	PLANT	289	421	414	212	16221
67	PLANT	6	603	79	86	3335
67	PLANT	189	559	57	54	1618
67	VEL-HI	96	224	128	128	7
67	VEL-HI	416	224	96	96	5
67	VEL-LO	352	480	352	768	141
68	PLANT	285	417	418	152	14603
68	PLANT	0	601	79	88	3340
68	PLANT	183	559	59	53	1673
68	VEL-HI	256	256	96	96	7
68	VEL-HI	32	288	128	128	7
68	VEL-LO	352	448	352	800	167
69	PLANT	281	415	420	150	14612
69	PLANT	0	599	73	90	3245
69	PLANT	179	557	59	54	1742
69	VEL-HI	480	32	128	160	9
69	VEL-HI	224	192	128	128	7
69	VEL-LO	384	448	320	832	151
70	PLANT	277	413	421	210	16834
70	PLANT	0	599	68	90	3284
70	PLANT	175	555	59	52	1592
70	VEL-HI	480	32	128	96	10
70	VEL-HI	160	1152	96	96	5
70	VEL-LO	352	448	352	832	147
71	PLANT	273	412	396	205	15683
71	PLANT	0	597	65	92	3249
71	PLANT	171	555	59	56	1804
71	VEL-HI	448	0	192	192	23
71	VEL-HI	128	1024	128	160	7
71	VEL-LO	256	608	448	416	82
72	PLANT	269	411	424	152	15625
72	PLANT	0	595	61	94	3231
72	PLANT	167	553	60	58	1799
72	VEL-HI	480	0	128	192	15
72	VEL-HI	0	832	128	320	14
72	VEL-LO	224	576	480	512	119
73	PLANT	267	409	426	218	17175
73	PLANT	0	597	57	92	3162
73	PLANT	163	553	61	56	1772
73	VEL-HI	416	0	192	288	21
73	VEL-HI	64	1120	96	96	5
74	PLANT	263	409	424	209	16817
74	PLANT	0	595	55	95	3035
74	PLANT	161	553	59	56	1764
74	VEL-HI	416	0	224	320	26
74	VEL-LO	256	544	448	416	86
75	PLANT	259	407	424	154	15494
75	PLANT	0	595	51	95	2919
75	PLANT	157	553	60	56	1813
75	VEL-HI	416	0	192	320	25
76	PLANT	257	407	428	152	15427
76	PLANT	0	599	47	92	2699
76	PLANT	155	553	60	56	1810
76	VEL-HI	448	0	192	256	26
76	VEL-HI	32	1024	160	160	11
77	PLANT	253	406	431	155	15589
77	PLANT	0	599	45	92	2445
77	PLANT	151	553	61	56	1837
77	VEL-HI	32	864	224	416	36
77	VEL-HI	480	0	192	256	21
78	PLANT	251	405	426	192	16030
78	PLANT	0	601	41	90	2164
78	PLANT	149	551	61	58	1816
78	VEL-HI	384	0	224	288	32
78	VEL-HI	0	864	224	256	21
79	PLANT	249	405	422	188	15626
79	PLANT	0	601	39	89	1921
79	PLANT	147	551	60	58	1847
79	VEL-HI	384	0	224	384	44
79	VEL-HI	160	928	96	256	13
80	PLANT	249	399	269	160	11632
80	PLANT	558	475	119	136	4359
80	PLANT	0	599	37	91	1763
80	VEL-HI	416	0	192	416	41
80	VEL-HI	0	928	192	160	16
81	PLANT	245	404	432	209	16910
81	PLANT	143	551	61	55	1656
81	PLANT	0	599	35	92	1604
81	VEL-HI	384	0	224	416	45
81	VEL-HI	64	1056	64	64	4
82	PLANT	243	399	432	212	16651
82	PLANT	141	553	62	54	1683
82	PLANT	0	601	33	90	1485
82	VEL-HI	384	0	224	384	40
82	VEL-LO	384	800	320	480	63
83	PLANT	243	401	430	208	17218
83	PLANT	141	553	62	54	1666
83	PLANT	0	601	33	92	1368
83	VEL-HI	448	0	128	352	28
84	PLANT	241	405	432	206	16673
84	PLANT	139	553	61	56	1824
84	PLANT	0	633	31	60	1066
84	VEL-HI	480	0	96	352	25
85	PLANT	241	401	432	158	15794
85	PLANT	139	553	61	56	1846
85	PLANT	0	633	29	60	1049
85	VEL-HI	480	32	96	320	20
86	PLANT	239	405	430	156	15062
86	PLANT	139	553	60	56	1795
86	PLANT	0	635	29	59	1032
86	VEL-HI	0	0	256	224	35
86	VEL-HI	480	0	128	352	20
87	PLANT	239	405	431	216	16673
87	PLANT	138	553	61	56	1770
87	PLANT	0	635	29	59	1028
87	VEL-HI	480	64	96	96	5
88	PLANT	239	401	432	214	16919
88	PLANT	135	553	64	58	1890
88	PLANT	0	633	29	60	993
88	VEL-HI	480	64	96	192	10
88	VEL-HI	640	160	64	96	4
89	PLANT	239	403	434	160	15365
89	PLANT	135	553	64	54	1715
89	PLANT	0	633	29	60	1011
90	PLANT	239	403	432	156	15441
90	PLANT	135	553	64	54	1734
90	PLANT	0	633	29	60	973
91	PLANT	239	403	430	215	16913
91	PLANT	135	553	64	54	1686
91	PLANT	0	633	29	60	988
92	PLANT	239	403	432	208	16817
92	PLANT	135	553	64	56	1900
92	PLANT	0	633	29	60	1017
93	PLANT	239	403	434	210	16819
93	PLANT	137	553	62	52	1636
93	PLANT	0	631	29	60	1021
93	VEL-HI	544	480	64	64	4
94	PLANT	239	403	435	158	15471
94	PLANT	139	551	63	58	1855
94	PLANT	0	631	29	60	1065
94	VEL-HI	448	0	224	352	35
94	VEL-HI	256	32	96	96	5
95	PLANT	241	403	432	158	15668
95	PLANT	139	551	62	54	1687
95	PLANT	0	631	31	60	1125
95	VEL-HI	448	0	128	352	26
96	PLANT	241	403	435	210	17533
96	PLANT	141	551	62	56	1855
96	PLANT	0	631	31	58	1104
96	VEL-HI	480	0	96	384	24
97	PLANT	243	403	435	154	16356
97	PLANT	141	549	61	57	1874
97	PLANT	0	629	31	60	1100
97	VEL-HI	480	0	96	384	26
98	PLANT	245	401	434	156	16331
98	PLANT	143	549	60	56	1824
98	PLANT	0	629	33	60	1158
98	VEL-HI	384	0	256	384	39
99	PLANT	247	401	434	154	15900
99	PLANT	145	547	60	54	1669
99	PLANT	0	627	35	60	1279
99	VEL-HI	384	0	256	416	43
99	VEL-LO	0	864	704	416	218
100	PLANT	249	397	432	160	15527
100	PLANT	147	547	60	58	1879
100	PLANT	0	593	37	92	1629
100	VEL-HI	416	0	256	448	51
100	VEL-LO	32	960	672	320	166
101	PLANT	251	401	432	214	16873
101	PLANT	0	591	39	92	1831
101	PLANT	149	547	60	56	1791
101	VEL-HI	384	0	288	416	51
101	VEL-LO	96	992	608	288	141
102	PLANT	253	401	434	209	17015
102	PLANT	0	589	41	93	2028
102	PLANT	151	545	60	58	1846
102	VEL-HI	384	0	288	448	49
102	VEL-HI	0	32	64	96	5
102	VEL-LO	96	960	608	320	142
103	PLANT	253	401	436	210	17166
103	PLANT	0	589	43	93	2186
103	PLANT	153	545	60	52	1628
103	VEL-HI	416	0	256	384	52
103	VEL-HI	0	64	96	96	4
103	VEL-LO	160	928	544	352	149
104	PLANT	255	399	392	158	14721
104	PLANT	0	587	45	94	2390
104	PLANT	155	543	60	54	1592
104	VEL-HI	416	0	224	416	48
104	VEL-HI	0	64	96	64	4
105	PLANT	259	399	386	152	14668
105	PLANT	0	585	47	94	2571
105	PLANT	157	543	61	56	1841
105	VEL-HI	416	0	224	416	49
106	PLANT	265	399	434	154	15405
106	PLANT	0	585	49	93	2829
106	PLANT	160	541	61	58	1879
106	VEL-HI	448	0	160	448	44
106	VEL-HI	608	736	64	96	4
107	PLANT	265	399	438	154	15763
107	PLANT	0	583	51	93	2984
107	PLANT	163	541	61	56	1831
107	VEL-HI	416	0	256	416	49
107	VEL-HI	640	736	64	64	4
108	PLANT	265	399	438	212	17460
108	PLANT	0	581	55	93	3133
108	PLANT	165	539	62	56	1839
108	VEL-HI	448	0	224	416	41
108	VEL-HI	608	704	96	160	11
109	PLANT	269	399	438	212	16871
109	PLANT	0	579	59	94	3172
109	PLANT	169	539	60	56	1830
109	VEL-HI	480	0	160	416	34
109	VEL-HI	96	960	96	96	5
110	PLANT	275	399	436	156	15587
110	PLANT	0	577	61	94	3298
110	PLANT	171	537	62	56	1840
110	VEL-HI	480	32	160	384	28
110	VEL-HI	512	736	96	128	5
110	VEL-LO	224	704	416	576	115
111	PLANT	277	399	443	154	16037
111	PLANT	0	577	65	92	3438
111	PLANT	175	537	62	55	1831
111	VEL-HI	512	32	160	384	29
111	VEL-HI	640	832	64	128	7
111	VEL-LO	64	960	640	320	86
112	PLANT	281	399	388	146	14866
112	PLANT	0	575	69	92	3505
112	PLANT	181	537	60	54	1810
112	VEL-HI	480	192	128	160	11
112	VEL-HI	32	896	160	128	8
112	VEL-LO	256	896	448	384	69
113	PLANT	287	399	433	148	16015
113	PLANT	0	573	73	92	3455
113	PLANT	185	535	61	54	1798
113	VEL-HI	544	224	96	128	6
113	VEL-HI	160	896	96	128	5
113	VEL-LO	192	544	384	320	57
114	PLANT	293	399	392	144	14922
114	PLANT	3	571	76	93	3547
114	PLANT	189	533	62	54	1667
114	VEL-HI	544	256	96	128	6
114	VEL-HI	640	1056	64	64	4
114	VEL-LO	224	544	256	320	43
115	PLANT	297	399	393	148	14841
115	PLANT	5	569	78	94	3549
115	PLANT	195	533	61	54	1813
115	VEL-HI	192	928	96	128	8
115	VEL-HI	544	704	96	96	5
115	VEL-LO	128	736	352	128	24
116	PLANT	305	401	415	216	17156
116	PLANT	9	569	80	92	3506
116	PLANT	202	531	60	54	1655
117	PLANT	313	401	407	130	14566
117	PLANT	16	565	79	96	3565
117	PLANT	209	529	60	56	1861
117	VEL-HI	576	0	128	160	11
117	VEL-HI	576	192	96	128	6
118	PLANT	321	401	399	132	15069
118	PLANT	23	565	78	94	3604
118	PLANT	215	529	62	56	1915
118	VEL-HI	544	0	160	352	27
118	VEL-HI	192	1152	96	96	6
118	VEL-LO	192	576	352	320	47
119	PLANT	329	401	391	144	15485
119	PLANT	31	563	78	95	3581
119	PLANT	223	529	60	55	1843
119	VEL-HI	512	64	160	320	27
119	VEL-LO	192	736	320	192	30
120	PLANT	337	401	383	142	15719
120	PLANT	42	561	77	95	3547
120	PLANT	231	529	61	54	1861
120	VEL-HI	512	256	128	128	10
120	VEL-HI	544	64	96	96	5
120	VEL-LO	224	768	160	192	13
121	PLANT	347	401	373	140	15880
121	PLANT	51	559	76	94	3559
121	PLANT	239	527	62	56	1875
121	VEL-HI	512	288	96	64	5
122	PLANT	357	387	363	154	15684
122	PLANT	61	559	76	92	3498
122	PLANT	249	527	63	54	1892
122	VEL-HI	544	704	64	128	6
122	VEL-HI	128	864	64	96	4
123	PLANT	367	387	353	162	15520
123	PLANT	71	557	74	92	3448
123	PLANT	259	525	64	56	1916
123	VEL-HI	544	1152	128	96	5
124	PLANT	381	403	339	144	14029
124	PLANT	80	557	77	90	3424
124	PLANT	271	525	62	54	1919
124	VEL-HI	0	992	96	96	6
124	VEL-HI	448	608	64	64	4
125	PLANT	393	403	296	138	12255
125	PLANT	91	555	76	90	3383
125	PLANT	281	525	64	54	1909
125	VEL-HI	320	1184	96	64	4
126	PLANT	407	403	296	138	12447
126	PLANT	103	553	74	90	3501
126	PLANT	293	523	64	54	1876
126	VEL-HI	128	1152	352	128	18
126	VEL-HI	0	992	96	96	7
127	PLANT	417	403	300	142	12940
127	PLANT	115	549	74	93	3433
127	PLANT	303	521	63	55	1925
127	VEL-HI	352	1152	96	96	6
127	VEL-HI	96	960	64	96	4
128	PLANT	429	403	291	136	12964
128	PLANT	125	547	74	94	3419
128	PLANT	315	521	62	54	1930
128	VEL-HI	128	1152	128	128	9
128	VEL-HI	32	864	64	160	7
129	PLANT	443	405	277	132	12591
129	PLANT	136	547	75	92	3381
129	PLANT	325	519	62	56	1871
129	VEL-HI	96	1216	96	64	5
129	VEL-HI	0	960	64	64	4
130	PLANT	453	405	267	136	11896
130	PLANT	148	545	73	92	3350
130	PLANT	335	519	64	54	1680
130	VEL-HI	0	864	64	64	4
131	PLANT	465	405	255	136	10809
131	PLANT	161	545	74	92	3443
131	PLANT	346	519	63	54	1704
131	VEL-HI	96	1184	64	64	4
132	PLANT	479	405	241	136	9493
132	PLANT	171	541	72	96	3320
132	PLANT	357	517	62	56	1684
132	VEL-HI	64	864	128	96	5
132	VEL-HI	608	992	96	96	5
133	PLANT	493	405	184	132	7399
133	PLANT	181	539	72	96	3282
133	PLANT	367	517	62	55	1691
133	VEL-HI	0	864	96	64	4
133	VEL-HI	544	1088	64	96	4
134	PLANT	499	405	190	118	7442
134	PLANT	191	539	72	95	3236
134	PLANT	377	517	62	56	1689
135	PLANT	507	407	196	120	7799
135	PLANT	199	541	72	92	3131
135	PLANT	387	517	60	56	1713
135	VEL-HI	416	1184	96	64	6
136	PLANT	519	407	190	120	8241
136	PLANT	207	539	72	94	3195
136	PLANT	395	517	62	56	1722
137	PLANT	529	407	191	130	8492
137	PLANT	215	539	72	94	3193
137	PLANT	403	517	62	56	1714
137	VEL-HI	0	992	128	64	5
138	PLANT	537	407	183	130	8291
138	PLANT	221	537	72	94	3289
138	PLANT	413	517	62	56	1778
139	PLANT	547	407	173	122	8092
139	PLANT	227	537	74	94	3313
139	PLANT	421	517	64	56	1768
139	VEL-LO	0	480	288	224	33
140	PLANT	559	405	161	124	7552
140	PLANT	233	535	76	96	3404
140	PLANT	431	515	64	57	1798
140	VEL-LO	0	480	320	352	44
141	PLANT	571	403	149	122	6500
141	PLANT	241	533	74	97	3439
141	PLANT	439	515	63	56	1838
141	VEL-HI	608	640	64	64	4
141	VEL-LO	0	512	320	320	43
142	PLANT	585	417	94	104	4802
142	PLANT	245	529	78	100	3682
142	PLANT	447	511	68	59	1960
142	VEL-LO	0	512	352	448	65
143	PLANT	601	409	96	110	5178
143	PLANT	249	525	80	102	3897
143	PLANT	457	509	68	58	2028
143	VEL-HI	320	1120	128	128	6
143	VEL-HI	544	928	96	96	5
143	VEL-LO	0	448	384	416	83
144	PLANT	613	401	102	114	5759
144	PLANT	253	523	80	104	4166
144	PLANT	467	503	72	62	2190
144	VEL-HI	544	0	160	160	11
144	VEL-HI	128	96	96	64	5
144	VEL-LO	32	448	320	416	75
145	PLANT	629	397	91	116	5194
145	PLANT	253	519	84	106	4479
145	PLANT	479	499	74	64	2365
145	VEL-HI	512	0	160	128	13
145	VEL-HI	608	1184	96	96	6
145	VEL-LO	32	480	352	256	54
146	PLANT	255	511	88	114	5072
146	PLANT	649	421	71	102	3733
146	PLANT	489	493	80	66	2717
146	VEL-HI	576	0	96	160	9
146	VEL-HI	224	64	128	64	5
146	VEL-LO	32	512	352	224	44
147	PLANT	257	501	94	123	5609
147	PLANT	673	411	47	102	3237
147	PLANT	503	485	84	70	3037
147	VEL-HI	416	0	288	224	23
147	VEL-HI	544	1120	128	128	8
147	VEL-LO	64	512	352	256	50
148	PLANT	265	493	94	128	6044
148	PLANT	517	477	88	76	3362
148	PLANT	695	399	25	88	1444
148	VEL-HI	608	128	96	96	6
148	VEL-HI	64	32	64	64	4
148	VEL-LO	64	544	352	256	39
149	PLANT	267	483	100	138	6933
149	PLANT	534	469	93	80	3760
149	VEL-HI	416	32	288	160	18
149	VEL-HI	192	0	192	96	10
149	VEL-LO	64	480	352	256	38
150	PLANT	269	475	110	144	7668
150	PLANT	551	459	100	84	4235
150	VEL-HI	480	32	128	64	7
150	VEL-HI	576	128	96	96	6
150	VEL-LO	96	544	320	192	35
151	PLANT	273	467	112	154	8511
151	PLANT	569	449	108	90	4772
151	VEL-HI	384	96	320	128	16
151	VEL-HI	0	32	192	160	13
151	VEL-LO	96	480	320	224	37
152	PLANT	273	459	118	161	9966
152	PLANT	591	437	114	96	5414
152	VEL-HI	384	96	128	64	6
152	VEL-HI	608	960	64	128	6
152	VEL-LO	96	512	288	192	32
153	PLANT	265	447	134	172	11202
153	PLANT	611	425	109	102	5993
153	VEL-HI	512	64	160	64	8
153	VEL-HI	640	992	64	64	4
153	VEL-LO	128	480	288	288	35
154	PLANT	259	433	142	185	12967
154	PLANT	635	411	85	110	4888
154	VEL-HI	608	896	96	160	9
154	VEL-HI	224	0	96	96	4
154	VEL-LO	160	512	256	192	29
155	PLANT	257	417	154	201	15571
155	PLANT	663	411	57	89	2424
155	VEL-HI	544	192	128	160	10
155	VEL-HI	608	832	96	224	9
155	VEL-LO	128	512	288	192	34
156	PLANT	255	401	172	216	17653
156	VEL-HI	480	160	192	128	11
156	VEL-HI	128	32	96	160	8
156	VEL-LO	128	480	288	256	32
157	PLANT	255	387	188	232	19733
157	VEL-HI	384	96	224	128	12
157	VEL-HI	0	96	160	128	10
157	VEL-LO	128	512	288	160	21
158	PLANT	261	379	194	241	21755
158	VEL-HI	96	64	128	128	7
158	VEL-HI	576	1024	96	64	4
158	VEL-LO	96	480	320	256	39
159	PLANT	259	367	210	253	24571
159	VEL-HI	64	32	128	160	11
159	VEL-HI	576	1056	128	96	8
159	VEL-LO	192	416	224	320	34
160	PLANT	257	357	226	267	28146
160	VEL-HI	0	0	224	64	13
160	VEL-HI	576	992	128	192	10
160	VEL-LO	128	512	288	256	35
161	PLANT	259	333	234	292	31829
161	VEL-HI	544	0	160	160	15
161	VEL-HI	256	0	96	64	4
161	VEL-LO	192	448	256	320	40
162	PLANT	259	319	240	309	34433
162	VEL-HI	576	928	128	288	20
162	VEL-HI	384	1120	128	96	6
162	VEL-LO	64	384	352	320	53
163	PLANT	255	309	256	322	37275
163	VEL-HI	448	1024	256	224	25
163	VEL-HI	352	1120	64	96	4
163	VEL-LO	96	352	320	352	57
164	PLANT	259	307	264	333	40408
164	VEL-HI	384	1184	160	96	10
164	VEL-HI	640	1056	64	96	5
164	VEL-LO	32	288	352	352	60
165	PLANT	267	307	266	340	42251
165	VEL-HI	512	1184	192	96	11
165	VEL-HI	0	928	64	96	4
165	VEL-LO	64	288	288	352	54
166	PLANT	267	307	276	340	44328
166	VEL-HI	192	864	64	96	4
166	VEL-LO	0	192	416	512	84
167	PLANT	263	301	286	354	46713
167	VEL-HI	160	608	96	96	6
167	VEL-LO	32	224	384	448	75
168	PLANT	265	291	292	371	48186
168	VEL-HI	640	1056	64	64	4
168	VEL-LO	32	224	352	352	68
169	PLANT	279	285	294	384	50835
169	VEL-HI	192	608	64	96	5
169	VEL-LO	32	256	352	384	76
170	PLANT	281	287	306	389	52950
170	VEL-HI	448	1120	64	64	4
170	VEL-LO	32	192	384	384	75
171	PLANT	291	291	304	393	55532
171	VEL-HI	32	896	160	96	6
171	VEL-LO	32	192	384	448	83
172	PLANT	309	289	300	398	56280
172	VEL-HI	320	64	128	96	7
172	VEL-HI	160	1120	64	64	4
172	VEL-LO	0	448	128	320	20
173	PLANT	311	299	306	394	58415
173	VEL-HI	608	64	64	64	4
173	VEL-LO	32	32	448	512	106
174	PLANT	313	273	308	428	60198
174	VEL-HI	192	608	64	96	4
174	VEL-LO	32	96	416	448	85
175	PLANT	313	273	326	430	63547
175	VEL-HI	160	512	96	160	5
175	VEL-LO	0	0	384	416	108
176	PLANT	313	279	330	434	62687
176	VEL-HI	192	512	64	96	5
176	VEL-HI	448	1216	96	64	5
176	VEL-LO	0	0	544	352	133
177	PLANT	311	285	324	436	63041
177	VEL-HI	32	544	64	96	5
177	VEL-LO	0	0	704	256	115
178	PLANT	315	289	322	439	65474
178	VEL-LO	0	0	480	320	76
179	PLANT	315	303	324	432	67523
179	VEL-HI	352	384	64	96	6
179	VEL-LO	64	0	352	384	51
180	PLANT	315	309	320	432	68086
180	VEL-HI	192	672	96	96	5
180	VEL-LO	224	352	192	224	17
181	PLANT	315	311	320	436	69157
181	VEL-LO	192	288	128	192	14
182	PLANT	289	311	348	442	67924
182	VEL-HI	64	576	96	96	6
182	VEL-LO	32	608	256	288	24
183	PLANT	297	313	340	448	68314
183	VEL-HI	64	608	64	64	4
183	VEL-LO	512	416	192	256	22
184	PLANT	309	317	328	448	69835
184	VEL-LO	192	288	320	192	22
185	PLANT	301	331	334	440	70461
186	PLANT	297	335	338	442	69028
186	VEL-LO	512	512	128	192	15
187	PLANT	295	331	348	452	68149
188	PLANT	297	337	350	450	68234
188	VEL-HI	256	832	96	64	4
189	PLANT	313	343	330	450	69612
190	PLANT	311	359	340	438	69900
190	VEL-HI	32	128	64	128	5
190	VEL-HI	352	384	64	96	4
190	VEL-LO	192	320	480	480	89
191	PLANT	311	345	342	456	71539
191	VEL-LO	352	704	192	352	24
192	PLANT	309	345	344	460	72394
192	VEL-HI	416	96	96	96	5
192	VEL-HI	608	160	64	96	4
192	VEL-LO	256	640	448	576	95
193	PLANT	291	353	358	456	69955
193	VEL-HI	320	32	128	160	8
193	VEL-HI	0	96	64	64	4
193	VEL-LO	224	704	480	576	106
194	PLANT	285	361	354	452	70396
194	VEL-LO	0	672	224	576	49
195	PLANT	279	371	350	445	72158
195	VEL-HI	416	384	192	224	23
195	VEL-HI	96	0	96	96	6
195	VEL-LO	480	0	192	96	11
196	PLANT	263	369	358	450	74239
196	VEL-HI	320	416	224	256	30
196	VEL-HI	64	480	160	64	5
196	VEL-LO	416	672	288	512	59
197	PLANT	259	375	354	448	73633
197	VEL-HI	352	384	192	96	9
197	VEL-HI	320	64	96	128	7
197	VEL-LO	416	0	256	128	16
198	PLANT	261	371	350	454	73632
198	VEL-HI	0	64	128	128	7
198	VEL-HI	416	96	96	64	4
198	VEL-LO	448	0	160	96	10
199	PLANT	261	373	354	456	72497
199	VEL-HI	544	128	64	64	4
199	VEL-LO	480	672	224	480	52
200	PLANT	265	377	358	458	71935
200	VEL-HI	320	288	128	128	8
200	VEL-HI	384	544	64	96	6
200	VEL-LO	512	800	192	480	40
201	PLANT	276	381	351	456	70722
201	VEL-HI	416	448	96	192	10
201	VEL-HI	576	128	64	96	5
202	PLANT	277	385	350	456	69256
202	VEL-HI	320	160	128	96	7
202	VEL-HI	288	0	128	128	6
202	VEL-LO	448	0	256	384	38
203	PLANT	277	387	352	456	70195
203	VEL-HI	320	0	128	64	6
203	VEL-HI	384	288	96	96	5
204	PLANT	291	389	336	454	71183
204	VEL-HI	320	448	256	224	22
204	VEL-HI	64	128	128	64	5
205	PLANT	283	387	340	458	71690
205	VEL-HI	384	384	192	352	32
205	VEL-HI	256	0	128	64	7
206	PLANT	269	389	352	458	71714
206	VEL-HI	288	416	256	224	28
207	PLANT	265	391	358	456	71712
207	VEL-HI	384	544	96	128	8
207	VEL-HI	384	704	64	96	6
208	PLANT	269	393	356	453	71895
208	VEL-HI	288	384	320	448	64
209	PLANT	287	393	342	456	71169
209	VEL-HI	320	384	288	416	57
210	PLANT	277	393	350	456	71143
210	VEL-HI	320	384	288	416	66
211	PLANT	263	393	362	456	71984
211	VEL-HI	288	384	288	416	63
212	PLANT	257	395	370	454	72788
212	VEL-HI	320	384	288	416	59
213	PLANT	277	393	356	456	73460
213	VEL-HI	288	384	352	416	80
214	PLANT	283	391	350	454	72061
214	VEL-HI	288	384	352	416	81
215	PLANT	281	393	354	452	70707
215	VEL-HI	288	384	320	416	67
216	PLANT	285	393	350	452	70992
216	VEL-HI	288	384	352	416	67
217	PLANT	295	401	338	444	72279
217	VEL-HI	288	384	320	320	48
218	PLANT	291	403	344	444	71905
218	VEL-HI	416	448	192	128	17
218	VEL-HI	384	640	96	128	8
219	PLANT	277	393	359	452	71196
219	VEL-HI	416	384	192	288	31
219	VEL-HI	384	672	96	96	7
220	PLANT	285	391	348	456	71275
220	VEL-HI	288	384	320	320	49
220	VEL-HI	480	736	96	96	5
221	PLANT	281	391	352	452	71699
221	VEL-HI	384	448	224	384	47
222	PLANT	273	393	358	450	72118
222	VEL-HI	320	384	288	320	48
223	PLANT	277	393	348	450	71624
223	VEL-HI	352	512	288	288	46
223	VEL-LO	352	0	352	512	79
224	PLANT	283	392	344	451	71196
224	VEL-HI	512	576	128	96	6
224	VEL-HI	256	864	96	96	6
225	PLANT	283	391	348	446	70624
225	VEL-HI	384	384	192	288	26
225	VEL-LO	480	672	128	96	11
226	PLANT	285	391	342	448	71065
226	VEL-HI	416	576	128	96	6
226	VEL-HI	160	800	96	96	6
227	PLANT	281	391	342	446	70113
227	VEL-HI	416	544	192	192	13
227	VEL-HI	320	480	64	64	4
228	PLANT	271	389	352	448	70892
228	VEL-HI	384	448	192	224	24
228	VEL-HI	288	480	96	96	6
229	PLANT	265	391	354	446	71950
229	VEL-HI	384	384	224	320	39
229	VEL-HI	192	832	128	128	8
230	PLANT	265	387	348	448	72705
230	VEL-HI	288	384	288	320	45
231	PLANT	261	391	350	444	72975
231	VEL-HI	384	384	224	192	27
231	VEL-HI	192	832	128	128	7
232	PLANT	269	389	338	444	73513
232	VEL-HI	384	416	224	288	23
233	PLANT	267	393	340	442	73072
233	VEL-HI	352	544	96	128	9
233	VEL-HI	64	480	128	96	7
234	PLANT	275	393	332	440	72202
234	VEL-HI	352	416	192	192	24
235	PLANT	273	381	338	448	73032
235	VEL-HI	320	384	288	384	71
235	VEL-HI	224	864	96	64	4
236	PLANT	261	373	354	456	71816
236	VEL-HI	352	384	256	384	48
236	VEL-HI	288	480	64	64	4
237	PLANT	257	375	350	453	71261
237	VEL-HI	256	384	352	384	63
237	VEL-LO	32	736	160	256	19
238	PLANT	257	381	350	446	72264
238	VEL-HI	256	352	352	448	83
239	PLANT	249	391	352	436	71933
239	VEL-HI	288	384	320	352	62
240	PLANT	241	389	360	438	72764
240	VEL-HI	256	384	352	352	69
241	PLANT	237	379	354	448	72763
241	VEL-HI	256	384	352	384	65
241	VEL-LO	192	1024	160	224	20
242	PLANT	241	379	352	450	72917
242	VEL-HI	320	384	256	384	52
243	PLANT	251	381	344	448	72749
243	VEL-HI	288	384	256	288	45
243	VEL-HI	512	672	64	64	4
244	PLANT	251	377	346	450	72909
244	VEL-HI	288	352	288	320	55
244	VEL-LO	288	704	160	224	13
245	PLANT	253	373	350	454	71392
245	VEL-HI	320	416	256	288	45
245	VEL-HI	448	96	128	96	7
246	PLANT	253	371	352	454	70842
246	VEL-HI	384	416	160	256	27
246	VEL-LO	96	576	512	672	154
247	PLANT	249	377	350	448	71297
247	VEL-HI	384	416	192	288	35
248	PLANT	245	377	352	448	72573
248	VEL-HI	288	352	288	384	62
248	VEL-LO	0	576	256	512	49
249	PLANT	243	379	348	444	72911
249	VEL-HI	256	352	352	416	86
249	VEL-LO	448	800	256	480	42
250	PLANT	241	373	344	450	72910
250	VEL-HI	448	352	128	160	9
251	PLANT	235	377	352	446	72204
251	VEL-HI	352	416	192	224	22
251	VEL-HI	352	672	64	96	5
251	VEL-LO	32	832	160	448	27
252	PLANT	237	374	350	449	72189
252	VEL-HI	320	416	224	224	25
252	VEL-LO	384	544	224	256	26
253	PLANT	237	375	350	448	72615
253	VEL-HI	352	416	128	96	6
253	VEL-LO	320	576	256	224	34
254	PLANT	235	375	350	448	71803
254	VEL-HI	288	448	288	256	47
255	PLANT	234	375	351	450	70910
255	VEL-HI	352	384	192	224	25
255	VEL-HI	320	672	128	96	8
256	PLANT	237	377	350	448	70894
256	VEL-HI	288	384	288	384	59
257	PLANT	235	375	358	450	71333
257	VEL-HI	256	416	320	384	61
258	PLANT	229	377	364	446	71419
258	VEL-HI	288	480	160	160	14
258	VEL-LO	352	448	352	832	115
259	PLANT	233	377	358	447	72817
259	VEL-HI	256	416	288	256	42
259	VEL-LO	416	672	128	128	13
260	PLANT	243	381	348	442	73399
260	VEL-HI	256	416	288	224	39
260	VEL-LO	288	640	192	128	15
261	PLANT	235	377	356	448	72989
261	VEL-HI	256	480	128	128	8
262	PLANT	237	377	354	448	72341
262	VEL-HI	352	416	160	256	24
263	PLANT	247	377	346	448	72695
263	VEL-HI	288	352	288	416	58
263	VEL-LO	512	608	192	320	26
264	PLANT	247	373	352	452	73234
264	VEL-HI	288	352	288	352	55
265	PLANT	243	371	356	454	72533
265	VEL-HI	288	480	224	288	26
266	PLANT	239	379	358	446	72457
266	VEL-HI	288	352	288	320	48
267	PLANT	241	377	354	450	71873
267	VEL-HI	320	416	288	320	46
268	PLANT	245	383	354	444	72589
268	VEL-HI	448	384	96	64	5
269	PLANT	245	383	356	444	72730
269	VEL-HI	352	352	256	416	48
270	PLANT	249	373	358	454	72148
270	VEL-HI	320	352	256	416	51
271	PLANT	275	373	342	454	72291
271	VEL-HI	288	384	320	320	43
271	VEL-HI	128	736	96	160	7
272	PLANT	277	375	342	452	71804
272	VEL-HI	384	384	192	224	31
272	VEL-HI	224	864	96	64	4
273	PLANT	261	385	350	444	71263
273	VEL-HI	288	352	352	416	66
273	VEL-HI	160	704	96	64	5
274	PLANT	261	389	350	440	72345
274	VEL-HI	320	416	256	256	41
274	VEL-LO	448	672	256	160	16
275	PLANT	261	377	344	452	72699
275	VEL-HI	320	352	288	288	42
276	PLANT	261	383	348	446	72530
276	VEL-HI	256	384	352	416	69
277	PLANT	257	384	354	447	72403
277	VEL-HI	352	416	256	224	39
277	VEL-LO	0	544	352	672	110
278	PLANT	259	385	356	444	71875
278	VEL-HI	384	416	224	256	39
279	PLANT	263	385	352	446	71262
279	VEL-HI	288	352	320	448	78
280	PLANT	261	385	354	446	71295
280	VEL-HI	416	416	160	128	13
280	VEL-HI	384	544	96	128	9
280	VEL-LO	416	352	288	896	84
281	PLANT	261	389	352	444	71011
281	VEL-HI	448	416	160	256	18
282	PLANT	257	387	354	446	71350
283	PLANT	263	383	350	448	71599
283	VEL-HI	384	384	192	192	20
284	PLANT	267	381	342	449	71388
284	VEL-HI	192	832	128	128	8
284	VEL-HI	384	544	64	96	5
285	PLANT	275	383	336	447	71628
285	VEL-HI	384	416	160	256	18
285	VEL-LO	352	672	224	128	15
286	PLANT	277	381	334	448	71359
286	VEL-HI	288	288	352	416	60
286	VEL-HI	512	32	192	192	12
287	PLANT	279	381	334	448	71627
287	VEL-HI	384	416	224	224	26
287	VEL-HI	64	608	128	96	6
288	PLANT	265	380	348	449	71011
288	VEL-HI	288	384	288	320	48
289	PLANT	249	379	356	449	71263
289	VEL-HI	256	384	352	416	84
290	PLANT	249	379	352	450	72118
290	VEL-HI	288	416	288	320	44
291	PLANT	255	381	350	446	72039
291	VEL-HI	320	352	288	416	64
291	VEL-HI	608	32	96	96	5
292	PLANT	245	381	356	448	72194
292	VEL-HI	288	416	320	224	33
292	VEL-HI	416	704	160	128	8
293	PLANT	247	379	360	449	72250
293	VEL-HI	352	512	256	160	23
293	VEL-HI	416	384	128	96	10
294	PLANT	251	373	354	454	71251
294	VEL-HI	352	352	256	416	51
295	PLANT	267	371	348	456	71354
295	VEL-HI	256	352	352	384	78
296	PLANT	283	373	332	454	70503
296	VEL-HI	288	352	320	416	76
297	PLANT	283	375	338	452	70173
297	VEL-HI	288	352	320	384	51
298	PLANT	269	385	350	442	69761
298	VEL-HI	288	352	320	320	43
299	PLANT	269	381	350	446	70190
299	VEL-HI	288	384	320	416	74
300	PLANT	269	367	348	460	71134
300	VEL-HI	288	352	320	384	56
301	PLANT	261	369	358	456	71606
301	VEL-HI	416	512	96	96	9
301	VEL-LO	512	768	192	480	38
302	PLANT	275	373	342	452	72383
302	VEL-HI	416	384	192	224	23
302	VEL-HI	288	480	96	64	6
303	PLANT	275	369	340	454	72932
303	VEL-HI	416	416	192	224	24
303	VEL-HI	288	448	96	96	6
304	PLANT	263	377	348	442	70540
304	VEL-HI	288	448	128	96	9
304	VEL-HI	480	576	96	128	8
305	PLANT	251	365	360	454	71053
305	VEL-HI	416	352	192	320	30
305	VEL-HI	256	480	96	96	6
306	PLANT	259	361	350	456	72045
306	VEL-HI	416	416	192	128	15
306	VEL-HI	256	480	128	96	9
307	PLANT	253	367	348	450	72181
307	VEL-HI	288	352	320	480	79
308	PLANT	243	377	360	440	70886
308	VEL-HI	256	352	352	384	76
309	PLANT	263	373	332	446	71999
309	VEL-HI	288	384	320	384	50
309	VEL-LO	0	960	160	288	24
310	PLANT	261	367	336	452	72625
310	VEL-HI	288	352	288	288	44
310	VEL-HI	352	672	64	96	6
310	VEL-LO	32	64	192	128	11
311	PLANT	259	373	342	446	73787
311	VEL-HI	256	352	352	416	71
312	PLANT	251	369	352	450	73732
312	VEL-HI	256	384	352	352	51
313	PLANT	249	361	356	458	72928
313	VEL-HI	288	352	288	320	37
314	PLANT	249	365	350	454	71391
314	VEL-HI	320	352	288	416	66
315	PLANT	251	375	344	444	72010
315	VEL-HI	384	352	192	384	44
316	PLANT	259	375	340	444	73767
316	VEL-HI	288	352	320	384	61
317	PLANT	251	369	348	452	73753
317	VEL-LO	0	288	224	320	30
318	PLANT	243	369	352	452	73108
318	VEL-HI	288	448	160	320	28
318	VEL-HI	448	352	128	160	13
319	PLANT	245	365	356	454	73434
319	VEL-HI	352	480	160	256	24
319	VEL-HI	512	352	64	64	4
320	PLANT	257	369	354	452	74731
320	VEL-HI	128	736	160	160	10
321	PLANT	255	371	356	452	72116
321	VEL-HI	384	352	192	192	16
321	VEL-HI	288	32	96	160	7
