frame	time	camMag	camDx	camDy	meanMag	maxMag	hiFrac	loFrac	localEnergy	plantArea	plantN	plantCx	plantCy	shadowFrac	shadowChange	shadowCx	shadowCy	luma
0	0.0000	0.000	0.000	0.000	0.000	0.000	0.0000	0.0000	0.0000	0.00729	1	458.5	811.1	0.0101	0.00000	564.7	595.9	130.65
1	0.0334	2.000	0.000	2.000	5.714	34.000	0.0523	0.3761	4.2993	0.00752	1	455.9	807.7	0.0045	0.00701	468.8	851.4	130.85
2	0.0667	2.000	0.000	2.000	5.803	34.000	0.0727	0.4136	4.3326	0.00691	1	446.3	806.6	0.0048	0.00097	468.7	845.3	131.02
3	0.1001	2.000	0.000	2.000	5.604	34.409	0.0602	0.1295	4.8988	0.00637	1	444.6	802.8	0.0041	0.00090	472.4	845.0	130.92
4	0.1335	2.000	0.000	2.000	5.365	33.941	0.0625	0.1557	5.0501	0.00661	1	445.3	805.1	0.0043	0.00058	471.2	842.0	131.42
5	0.1668	2.000	0.000	2.000	5.672	39.598	0.0557	0.1261	5.4182	0.00630	1	446.0	808.3	0.0047	0.00103	465.6	838.6	131.69
6	0.2002	2.000	0.000	2.000	6.059	36.878	0.0682	0.3773	5.7991	0.00645	1	446.6	806.4	0.0042	0.00096	464.9	839.4	131.76
7	0.2336	2.000	0.000	2.000	6.393	36.878	0.0682	0.3716	5.8785	0.00637	1	447.7	801.6	0.0041	0.00048	463.7	837.3	131.81
8	0.2669	2.000	0.000	2.000	7.404	39.598	0.0591	0.2864	6.7095	0.00629	1	447.0	801.7	0.0038	0.00072	464.8	835.2	131.85
9	0.3003	2.000	0.000	2.000	8.695	36.878	0.0477	0.1705	7.7341	0.00607	1	447.5	801.0	0.0040	0.00072	464.8	829.8	132.24
10	0.3337	2.000	0.000	2.000	9.546	38.210	0.0409	0.1818	8.5670	0.00590	1	448.7	797.9	0.0041	0.00094	460.8	827.7	132.72
11	0.3670	4.000	0.000	4.000	9.974	38.210	0.0375	0.1250	8.6908	0.00619	1	455.5	792.4	0.0041	0.00077	462.2	823.6	133.14
12	0.4004	4.000	0.000	4.000	10.871	39.699	0.0307	0.1716	9.6625	0.00594	1	451.3	788.8	0.0041	0.00071	462.3	819.0	133.41
13	0.4338	4.472	-2.000	4.000	11.679	42.426	0.0273	0.1364	10.6889	0.00574	1	451.0	785.4	0.0042	0.00075	462.3	814.2	133.64
14	0.4671	4.472	-2.000	4.000	11.980	39.598	0.0102	0.1523	10.8612	0.00571	1	451.1	779.2	0.0043	0.00098	461.6	808.9	134.11
15	0.5005	4.472	-2.000	4.000	12.856	36.878	0.0068	0.0920	11.8273	0.00570	1	454.2	773.9	0.0043	0.00102	463.1	803.7	134.69
16	0.5339	4.472	-2.000	4.000	13.445	39.598	0.0091	0.0682	12.1790	0.00557	1	452.2	767.1	0.0044	0.00111	463.5	797.6	135.17
17	0.5672	6.325	-2.000	6.000	13.525	39.699	0.0114	0.0557	12.2240	0.00581	1	443.6	749.1	0.0045	0.00106	464.3	791.7	135.63
18	0.6006	6.325	-2.000	6.000	13.562	39.598	0.0102	0.0364	12.3034	0.00558	1	445.2	749.6	0.0105	0.00718	551.9	554.1	136.25
19	0.6340	7.211	-4.000	6.000	13.736	37.202	0.0227	0.0364	12.4522	0.00583	1	437.5	730.3	0.0135	0.00455	559.5	534.8	136.55
20	0.6673	6.325	-2.000	6.000	13.798	39.699	0.0080	0.0420	12.6909	0.00574	1	422.0	708.1	0.0045	0.01002	468.0	774.1	136.80
21	0.7007	7.211	-4.000	6.000	13.630	39.598	0.0080	0.0625	12.2687	0.00573	1	418.9	693.7	0.0136	0.01021	530.1	740.2	137.02
22	0.7341	7.211	-4.000	6.000	13.708	39.699	0.0125	0.0420	11.9019	0.00567	0	434.6	697.1	0.0149	0.00492	526.6	783.9	137.60
23	0.7674	8.246	-2.000	8.000	13.194	38.210	0.0193	0.0443	10.8019	0.00527	1	445.4	706.1	0.0194	0.00625	533.2	770.4	138.06
24	0.8008	8.246	-2.000	8.000	12.939	39.598	0.0341	0.0261	9.2302	0.00514	1	437.1	690.8	0.0309	0.01378	532.1	740.9	138.47
25	0.8342	8.246	-2.000	8.000	12.756	37.202	0.0273	0.0102	8.7076	0.00525	1	433.5	671.7	0.0365	0.01196	505.5	661.7	138.41
26	0.8675	8.246	-2.000	8.000	11.923	36.878	0.0318	0.0125	8.6314	0.00519	0	446.3	676.8	0.0350	0.01582	501.5	661.4	138.44
27	0.9009	6.325	-2.000	6.000	11.487	42.426	0.0182	0.0284	8.5276	0.00517	1	441.3	665.8	0.0295	0.01105	521.6	767.6	138.79
28	0.9343	6.000	0.000	6.000	10.982	37.202	0.0261	0.0239	8.4860	0.00530	1	445.4	662.5	0.0264	0.00709	516.0	788.3	139.12
29	0.9676	6.325	-2.000	6.000	11.089	39.598	0.0375	0.0898	9.4416	0.00524	0	429.4	640.2	0.0243	0.00499	521.3	756.5	139.59
30	1.0010	6.325	-2.000	6.000	10.775	36.878	0.0364	0.0932	8.8436	0.00526	1	431.3	633.6	0.0222	0.00447	523.5	724.7	140.64
31	1.0344	4.472	-2.000	4.000	10.234	41.037	0.0489	0.1273	8.6990	0.00527	0	417.6	612.6	0.0196	0.00562	530.5	656.6	141.34
32	1.0677	4.472	-2.000	4.000	10.819	38.419	0.0352	0.1330	9.4975	0.00515	0	417.7	607.0	0.0103	0.01064	557.5	490.9	141.44
33	1.1011	2.828	-2.000	2.000	10.592	38.419	0.0352	0.1409	9.7423	0.00532	0	410.5	587.1	0.0102	0.00115	557.2	490.0	140.85
34	1.1345	2.000	0.000	2.000	9.855	41.037	0.0443	0.1080	9.0445	0.00527	0	407.3	577.0	0.0099	0.00123	554.9	491.7	141.17
35	1.1678	2.000	0.000	2.000	7.592	35.384	0.0511	0.2489	6.8839	0.00508	0	416.6	585.8	0.0099	0.00106	553.3	491.2	141.35
36	1.2012	2.000	0.000	2.000	7.595	36.878	0.0489	0.2614	6.7726	0.00546	1	413.5	573.0	0.0049	0.00526	473.4	689.3	140.86
37	1.2346	2.000	0.000	2.000	8.233	39.598	0.0477	0.1739	7.2074	0.00545	2	417.0	574.2	0.0098	0.00548	552.0	482.7	140.80
38	1.2679	4.000	0.000	4.000	9.038	35.384	0.0500	0.1443	7.7625	0.00528	1	411.9	567.5	0.0050	0.00564	471.6	682.5	141.10
39	1.3013	4.472	2.000	4.000	11.560	38.210	0.0386	0.1102	9.8948	0.00544	1	412.2	568.2	0.0051	0.00082	469.9	679.2	141.79
40	1.3347	4.472	2.000	4.000	11.521	39.699	0.0341	0.1875	9.6499	0.00554	1	407.5	563.7	0.0239	0.01943	548.7	424.2	142.56
41	1.3680	4.472	2.000	4.000	11.024	36.770	0.0261	0.1716	9.8762	0.00552	1	400.1	546.8	0.0202	0.00903	550.4	397.0	142.67
42	1.4014	4.000	0.000	4.000	11.944	39.699	0.0318	0.1511	11.5973	0.00576	1	403.5	548.3	0.0194	0.01992	333.8	275.0	141.56
43	1.4348	2.000	0.000	2.000	14.296	36.878	0.0261	0.1011	14.0316	0.00614	1	395.8	535.7	0.0118	0.01098	553.3	432.3	141.56
44	1.4681	2.000	0.000	2.000	15.731	35.609	0.0364	0.0989	15.6618	0.00662	2	407.1	547.8	0.0216	0.01095	558.8	362.6	142.14
45	1.5015	0.000	0.000	0.000	16.792	42.426	0.0364	0.1057	16.7922	0.00646	1	423.7	577.0	0.0264	0.01058	566.1	328.4	142.76
46	1.5349	0.000	0.000	0.000	18.042	42.426	0.0443	0.1057	18.0416	0.00675	1	445.9	608.7	0.0275	0.00979	571.7	322.5	142.68
47	1.5682	0.000	0.000	0.000	18.251	41.037	0.0511	0.1045	18.2510	0.00751	2	454.3	614.8	0.0292	0.01214	577.8	299.3	142.54
48	1.6016	0.000	0.000	0.000	18.710	42.426	0.0489	0.0943	18.7099	0.00811	2	455.1	614.5	0.0311	0.01308	584.5	265.9	141.85
49	1.6350	2.000	2.000	0.000	19.003	39.699	0.0409	0.0784	18.9047	0.00933	2	451.6	602.2	0.0322	0.01776	557.3	387.5	141.43
50	1.6683	2.828	2.000	2.000	18.484	41.037	0.0523	0.1068	18.2305	0.01023	2	458.6	606.8	0.0378	0.01152	519.9	371.9	141.54
51	1.7017	4.472	2.000	4.000	18.150	37.202	0.0398	0.0943	17.7720	0.01180	2	462.2	602.2	0.0414	0.01723	519.5	433.5	141.35
52	1.7351	4.472	2.000	4.000	17.820	42.426	0.0443	0.0841	17.3146	0.01299	2	458.9	597.5	0.0430	0.02015	506.2	384.0	140.72
53	1.7684	4.472	2.000	4.000	17.125	41.037	0.0477	0.0943	16.3605	0.01418	3	455.0	591.7	0.0499	0.01940	491.4	422.2	140.04
54	1.8018	4.472	2.000	4.000	16.437	39.598	0.0420	0.1125	15.6742	0.01557	3	452.6	589.8	0.0500	0.01382	481.6	427.4	139.14
55	1.8352	6.325	2.000	6.000	15.305	39.699	0.0284	0.0977	14.4650	0.01634	3	449.1	586.5	0.0438	0.01826	455.3	442.9	137.99
56	1.8685	4.472	2.000	4.000	14.892	39.598	0.0261	0.1159	14.1769	0.01701	3	447.7	583.4	0.0466	0.01478	454.2	441.2	136.99
57	1.9019	6.325	2.000	6.000	15.102	42.426	0.0205	0.1114	14.3285	0.01766	3	445.4	577.6	0.0485	0.01544	449.6	438.5	135.99
58	1.9353	4.472	2.000	4.000	15.091	39.699	0.0239	0.1045	14.4988	0.01835	3	439.4	572.6	0.0417	0.01707	447.6	421.0	134.30
59	1.9686	6.325	2.000	6.000	18.958	42.426	0.0557	0.0523	18.2069	0.01926	3	430.6	565.1	0.0482	0.02801	386.8	417.4	125.91
60	2.0020	4.472	2.000	4.000	14.107	39.598	0.0295	0.1239	13.4838	0.02023	3	430.0	564.4	0.0434	0.02298	382.7	499.4	125.70
61	2.0354	4.472	2.000	4.000	13.638	38.419	0.0159	0.1420	12.9557	0.02158	3	428.9	561.3	0.0410	0.01295	382.6	486.3	125.72
62	2.0687	2.828	2.000	2.000	13.792	37.202	0.0205	0.1364	13.1805	0.02283	3	426.0	557.5	0.0454	0.01360	366.0	506.1	125.74
63	2.1021	4.472	4.000	2.000	13.224	39.699	0.0182	0.1227	12.4383	0.02305	3	416.7	554.6	0.0340	0.01786	309.8	590.5	125.71
64	2.1355	4.472	4.000	2.000	12.570	39.699	0.0102	0.1250	11.7089	0.02382	3	417.3	551.5	0.0276	0.01210	294.4	717.2	125.67
65	2.1688	4.472	4.000	2.000	12.432	39.598	0.0284	0.1239	11.4541	0.02424	3	411.5	547.8	0.0356	0.01895	363.8	539.5	125.61
66	2.2022	2.828	2.000	2.000	11.804	38.419	0.0273	0.1284	11.0770	0.02503	3	405.7	545.2	0.0364	0.01504	329.1	551.3	125.45
67	2.2356	4.472	4.000	2.000	11.636	38.419	0.0295	0.1602	10.6667	0.02610	3	407.6	544.0	0.0338	0.00884	318.1	544.5	125.48
68	2.2689	4.472	4.000	2.000	11.391	39.598	0.0341	0.1989	10.3261	0.02644	3	401.7	542.1	0.0327	0.00781	326.8	538.4	125.58
69	2.3023	4.000	4.000	0.000	11.355	38.419	0.0250	0.1739	10.1429	0.02642	3	399.3	540.0	0.0226	0.01491	290.3	723.4	125.61
70	2.3357	4.000	4.000	0.000	10.803	38.419	0.0239	0.1705	9.7071	0.02702	3	399.2	539.5	0.0331	0.01294	326.8	539.6	125.75
71	2.3690	4.000	4.000	0.000	10.176	39.598	0.0409	0.0966	8.9372	0.02676	3	389.8	536.2	0.0231	0.01331	281.8	720.5	125.95
72	2.4024	2.000	2.000	0.000	9.542	36.878	0.0477	0.1409	8.3997	0.02695	3	388.8	534.5	0.0164	0.00891	270.6	705.9	126.14
73	2.4358	4.000	4.000	0.000	9.865	39.699	0.0352	0.1091	8.6809	0.02729	3	391.6	533.6	0.0241	0.01035	334.7	550.0	126.29
74	2.4691	2.000	2.000	0.000	8.970	38.419	0.0386	0.1659	7.7509	0.02658	3	385.4	530.9	0.0173	0.01022	267.5	706.4	126.51
75	2.5025	2.000	2.000	0.000	8.748	36.878	0.0364	0.1852	7.6356	0.02650	3	384.7	530.7	0.0165	0.00282	260.8	709.3	126.74
76	2.5359	2.000	2.000	0.000	8.358	39.598	0.0614	0.2648	7.1600	0.02656	3	389.4	531.0	0.0161	0.00219	255.7	710.1	126.95
77	2.5692	2.000	2.000	0.000	7.175	38.419	0.0648	0.3318	5.9146	0.02605	3	388.4	527.2	0.0168	0.00251	246.4	708.2	127.17
78	2.6026	2.000	2.000	0.000	6.453	34.409	0.0750	0.4159	5.1138	0.02571	3	392.2	526.1	0.0169	0.00188	240.9	710.4	127.36
79	2.6360	2.000	2.000	0.000	5.016	36.878	0.0795	0.5443	3.4999	0.02563	3	392.5	523.6	0.0214	0.00621	248.3	728.4	127.57
80	2.6693	2.000	2.000	0.000	4.202	34.409	0.0659	0.0000	2.6141	0.02549	3	395.2	523.5	0.0270	0.00857	312.1	584.2	127.78
81	2.7027	2.000	2.000	0.000	3.504	33.941	0.0557	0.0000	1.8144	0.02525	3	398.4	521.8	0.0160	0.01212	244.4	714.1	127.98
82	2.7361	2.000	2.000	0.000	2.513	31.241	0.0455	0.0773	1.2820	0.02503	3	397.9	523.4	0.0169	0.00171	244.3	711.8	128.20
83	2.7694	2.000	2.000	0.000	1.713	31.113	0.0318	0.3239	1.4652	0.02526	3	401.7	521.7	0.0196	0.00520	217.6	596.9	128.37
84	2.8028	0.000	0.000	0.000	1.490	29.120	0.0284	0.4091	1.4896	0.02489	3	402.1	521.9	0.0161	0.00475	241.4	710.7	128.41
85	2.8362	0.000	0.000	0.000	0.669	22.627	0.0227	0.7375	0.6691	0.02475	3	401.0	520.1	0.0166	0.00133	242.2	710.9	128.47
86	2.8695	0.000	0.000	0.000	0.270	10.000	0.0648	0.8716	0.2705	0.02431	3	399.3	521.1	0.0205	0.00492	213.1	597.9	128.56
87	2.9029	0.000	0.000	0.000	0.053	6.325	0.0057	0.9705	0.0526	0.02481	3	401.5	521.6	0.0200	0.00103	213.4	595.3	128.68
88	2.9363	0.000	0.000	0.000	0.161	16.000	0.0170	0.9250	0.1607	0.02529	3	397.5	521.9	0.0250	0.00603	225.8	630.0	128.44
89	2.9696	0.000	0.000	0.000	0.034	2.828	0.0011	0.9750	0.0337	0.02516	3	397.6	521.2	0.0175	0.00880	251.5	708.1	128.66
90	3.0030	0.000	0.000	0.000	0.011	2.828	0.0000	0.9909	0.0110	0.02515	3	398.4	522.0	0.0169	0.00153	242.9	709.2	128.77
91	3.0364	0.000	0.000	0.000	0.041	4.000	0.0023	0.9739	0.0409	0.02534	3	401.6	521.9	0.0199	0.00491	226.9	599.5	128.88
92	3.0697	0.000	0.000	0.000	0.078	8.000	0.0011	0.9682	0.0782	0.02519	3	400.0	522.1	0.0204	0.00137	222.0	602.2	129.01
93	3.1031	0.000	0.000	0.000	0.124	4.472	0.0102	0.9330	0.1238	0.02513	3	401.2	521.5	0.0248	0.00545	225.1	639.1	129.08
94	3.1365	0.000	0.000	0.000	0.312	14.000	0.0557	0.8568	0.3123	0.02519	3	397.7	521.3	0.0269	0.01309	304.0	472.9	129.17
95	3.1698	0.000	0.000	0.000	0.586	12.000	0.0295	0.7307	0.5860	0.02555	3	399.6	520.8	0.0305	0.01213	318.8	582.2	129.21
96	3.2032	0.000	0.000	0.000	1.040	20.396	0.0273	0.5716	1.0404	0.02588	3	402.5	522.3	0.0160	0.01496	247.1	707.4	129.28
97	3.2366	0.000	0.000	0.000	1.436	24.083	0.0330	0.4455	1.4362	0.02543	3	402.2	518.3	0.0211	0.00588	243.9	728.7	129.34
98	3.2699	2.000	-2.000	0.000	2.005	30.000	0.0443	0.3364	1.9164	0.02536	3	402.8	518.0	0.0209	0.00205	250.0	727.4	129.38
99	3.3033	2.000	-2.000	0.000	2.606	30.529	0.0511	0.2580	2.1891	0.02595	3	405.9	519.8	0.0204	0.00193	247.0	727.5	129.41
100	3.3367	2.000	-2.000	0.000	3.007	30.265	0.0614	0.1932	2.3759	0.02552	3	399.5	519.5	0.0207	0.00230	252.4	726.0	129.42
101	3.3700	2.000	-2.000	0.000	3.244	29.120	0.0614	0.1602	2.5774	0.02568	3	399.7	521.2	0.0169	0.00571	251.9	706.8	129.44
102	3.4034	2.000	-2.000	0.000	3.604	30.529	0.0636	0.1614	3.0175	0.02593	3	398.7	519.7	0.0208	0.00579	252.7	724.0	129.49
103	3.4368	2.000	-2.000	0.000	3.644	39.699	0.0659	0.1716	3.2165	0.02623	3	396.7	518.9	0.0202	0.00206	250.5	727.8	129.57
104	3.4701	2.000	-2.000	0.000	4.517	31.113	0.0602	0.4739	3.9096	0.02646	3	397.0	521.6	0.0201	0.00218	250.9	729.9	129.59
105	3.5035	2.000	-2.000	0.000	5.001	30.067	0.0591	0.4227	4.2956	0.02698	3	400.9	523.4	0.0161	0.00558	252.8	707.1	129.58
106	3.5369	2.000	-2.000	0.000	5.753	34.986	0.0636	0.3466	5.0579	0.02667	3	397.6	522.5	0.0161	0.00242	264.2	703.6	129.50
107	3.5702	2.000	-2.000	0.000	5.262	31.241	0.0602	0.3716	4.5384	0.02712	3	397.5	524.4	0.0162	0.00232	259.9	702.3	129.51
108	3.6036	2.000	-2.000	0.000	6.405	33.941	0.0614	0.2920	5.6239	0.02776	3	402.2	525.6	0.0154	0.00215	262.2	705.1	129.48
109	3.6370	2.000	-2.000	0.000	7.027	39.598	0.0511	0.2455	6.2751	0.02719	3	402.7	522.8	0.0203	0.00637	261.6	723.3	129.46
110	3.6703	2.000	-2.000	0.000	8.819	37.202	0.0443	0.1341	7.8810	0.02683	3	403.9	523.3	0.0153	0.00665	273.8	702.0	129.40
111	3.7037	4.000	-4.000	0.000	9.486	35.384	0.0614	0.1216	8.4553	0.02755	3	403.7	523.9	0.0172	0.00418	301.7	689.9	129.40
112	3.7371	4.000	-4.000	0.000	9.782	39.699	0.0330	0.0807	8.5815	0.02817	3	411.0	524.2	0.0206	0.00939	274.7	720.9	129.27
113	3.7704	4.000	-4.000	0.000	10.636	36.878	0.0443	0.1000	9.2311	0.02826	3	419.5	523.5	0.0220	0.00573	300.4	709.5	129.11
114	3.8038	4.000	-4.000	0.000	11.057	39.699	0.0205	0.0716	9.5028	0.02779	3	416.7	521.3	0.0163	0.00850	294.3	695.2	129.06
115	3.8372	6.000	-6.000	0.000	11.533	39.598	0.0273	0.0443	9.6788	0.02782	3	424.3	522.6	0.0159	0.00370	291.1	694.7	128.85
116	3.8705	6.000	-6.000	0.000	12.278	41.037	0.0125	0.0068	10.0645	0.02745	3	433.1	523.2	0.0156	0.00336	294.4	695.7	128.69
117	3.9039	6.000	-6.000	0.000	12.677	39.598	0.0284	0.0034	10.5551	0.02673	3	434.2	519.7	0.0278	0.01551	386.0	552.8	127.97
118	3.9373	8.000	-8.000	0.000	13.391	39.598	0.0398	0.0534	11.2086	0.02687	3	433.4	517.0	0.0322	0.01323	376.2	484.5	128.00
119	3.9706	8.000	-8.000	0.000	13.515	36.056	0.0375	0.0466	10.8672	0.02684	3	435.7	515.6	0.0317	0.01140	386.7	488.2	127.87
120	4.0040	8.000	-8.000	0.000	13.658	36.770	0.0273	0.0182	10.7318	0.02668	3	438.0	513.3	0.0267	0.01743	294.1	620.8	127.69
121	4.0374	8.000	-8.000	0.000	14.179	41.037	0.0182	0.0080	11.0620	0.02652	3	441.9	512.0	0.0290	0.01126	325.7	619.9	127.80
122	4.0707	10.000	-10.000	0.000	14.022	39.598	0.0205	0.0023	10.4070	0.02572	3	444.5	511.2	0.0275	0.01132	315.6	609.9	127.89
123	4.1041	10.000	-10.000	0.000	14.344	39.598	0.0227	0.0011	10.6841	0.02529	3	447.9	509.6	0.0300	0.01241	347.0	609.3	128.10
124	4.1375	10.000	-10.000	0.000	14.821	39.699	0.0216	0.0011	11.1159	0.02420	3	451.4	509.8	0.0304	0.01157	355.1	610.4	128.27
125	4.1708	10.000	-10.000	0.000	14.769	39.598	0.0125	0.0034	11.0293	0.02316	3	458.7	508.0	0.0292	0.01234	355.8	606.4	128.47
126	4.2042	10.000	-10.000	0.000	14.918	39.598	0.0375	0.0000	10.9305	0.02298	3	462.2	510.4	0.0310	0.01389	383.0	607.9	128.90
127	4.2376	10.000	-10.000	0.000	14.776	36.770	0.0227	0.0000	10.8046	0.02267	3	469.0	509.1	0.0323	0.01634	340.5	550.4	129.26
128	4.2709	10.000	-10.000	0.000	15.017	39.598	0.0216	0.0034	11.0971	0.02266	3	481.1	507.6	0.0292	0.01542	394.9	610.8	129.59
129	4.3043	10.000	-10.000	0.000	14.870	35.384	0.0216	0.0000	11.1494	0.02201	3	489.3	508.2	0.0298	0.01026	403.2	603.1	129.80
130	4.3377	10.000	-10.000	0.000	14.673	37.202	0.0148	0.0011	11.3795	0.02048	3	490.8	507.2	0.0253	0.01468	415.1	577.6	130.09
131	4.3710	10.000	-10.000	0.000	14.703	36.878	0.0091	0.0011	11.0385	0.01862	3	483.7	505.0	0.0302	0.01575	462.6	489.4	130.44
132	4.4044	10.000	-10.000	0.000	14.722	41.037	0.0216	0.0000	10.9406	0.01686	3	487.2	504.2	0.0349	0.01717	468.0	516.1	130.76
133	4.4378	10.000	-10.000	0.000	14.562	39.699	0.0227	0.0011	10.7245	0.01551	3	485.3	506.0	0.0339	0.01096	476.7	518.8	131.08
134	4.4711	8.000	-8.000	0.000	14.073	39.598	0.0045	0.0045	10.8184	0.01480	3	486.5	507.2	0.0318	0.01050	471.5	530.5	131.42
135	4.5045	8.000	-8.000	0.000	13.839	38.210	0.0148	0.0000	10.9072	0.01494	3	495.5	511.5	0.0330	0.00893	472.6	531.3	131.71
136	4.5379	8.000	-8.000	0.000	13.930	36.878	0.0114	0.0000	11.3191	0.01538	3	507.3	509.8	0.0350	0.01330	498.5	497.2	131.99
137	4.5712	8.000	-8.000	0.000	14.233	39.699	0.0170	0.0068	11.9999	0.01563	3	518.3	509.5	0.0318	0.01382	486.3	539.5	132.17
138	4.6046	8.000	-8.000	0.000	14.887	39.598	0.0091	0.0114	13.2184	0.01535	3	520.2	511.5	0.0337	0.01665	488.6	502.0	132.43
139	4.6380	8.000	-8.000	0.000	14.243	41.037	0.0057	0.0432	12.8092	0.01501	3	521.8	514.5	0.0407	0.02383	460.2	433.8	132.66
140	4.6713	6.325	-6.000	2.000	14.562	38.210	0.0148	0.0534	13.2088	0.01464	3	521.8	518.8	0.0454	0.01988	423.1	385.1	132.57
141	4.7047	8.246	-8.000	2.000	15.289	39.699	0.0091	0.0511	13.9169	0.01333	3	513.5	518.5	0.0235	0.02940	432.0	642.9	132.52
142	4.7381	6.325	-6.000	2.000	15.102	39.598	0.0091	0.0784	13.9528	0.01205	3	491.2	528.8	0.0264	0.01342	450.5	750.6	132.85
143	4.7714	6.325	-6.000	2.000	15.677	39.598	0.0182	0.0989	14.6265	0.01247	3	497.6	530.0	0.0280	0.00657	459.1	751.6	133.46
144	4.8048	4.472	-4.000	2.000	16.529	39.699	0.0250	0.0864	15.8255	0.01364	3	510.9	526.3	0.0276	0.00832	455.1	756.1	133.79
145	4.8382	7.211	-6.000	4.000	17.347	39.699	0.0295	0.0659	16.5423	0.01350	3	506.0	524.4	0.0678	0.04581	428.8	351.9	134.08
146	4.8715	5.657	-4.000	4.000	18.279	39.699	0.0182	0.0523	17.7130	0.01297	3	481.8	529.8	0.0281	0.04955	486.7	786.3	133.45
147	4.9049	4.472	-4.000	2.000	19.080	42.426	0.0409	0.0580	18.5278	0.01340	3	478.9	532.0	0.0310	0.00934	496.6	789.8	134.24
148	4.9383	7.211	-6.000	4.000	19.009	42.426	0.0261	0.0443	18.3718	0.01230	3	450.3	537.6	0.0379	0.01554	531.1	724.8	134.95
149	4.9716	5.657	-4.000	4.000	19.833	42.426	0.0443	0.0432	19.1388	0.01228	2	424.2	549.9	0.0379	0.01731	519.1	801.5	134.72
150	5.0050	6.000	-6.000	0.000	19.939	42.426	0.0307	0.0398	19.4994	0.01356	2	434.7	539.4	0.0390	0.01470	532.5	818.4	135.27
151	5.0384	4.472	-4.000	2.000	19.648	42.426	0.0489	0.0420	19.1665	0.01499	2	443.8	526.9	0.0700	0.04685	466.7	505.0	135.76
152	5.0717	4.472	-4.000	2.000	20.282	42.426	0.0341	0.0364	19.8388	0.01737	2	452.7	520.1	0.0416	0.04781	553.7	849.6	135.67
153	5.1051	5.657	-4.000	4.000	20.010	41.037	0.0205	0.0398	19.6245	0.01934	2	460.8	510.7	0.0418	0.01915	558.9	860.6	136.23
154	5.1385	2.828	-2.000	2.000	20.780	39.699	0.0227	0.0330	20.5059	0.02016	2	442.0	507.2	0.0400	0.02336	558.7	876.3	135.54
155	5.1718	5.657	-4.000	4.000	20.647	42.426	0.0364	0.0386	20.3764	0.02044	2	401.1	504.4	0.0413	0.02866	586.2	866.8	134.39
156	5.2052	4.472	-4.000	2.000	20.263	42.426	0.0375	0.0364	19.9485	0.02095	1	379.0	501.6	0.0346	0.02457	598.6	888.7	134.11
157	5.2386	4.472	-4.000	2.000	20.869	41.037	0.0386	0.0250	20.6075	0.02143	1	358.0	500.1	0.0389	0.03413	564.0	761.9	133.04
158	5.2719	4.472	-4.000	2.000	20.419	42.426	0.0455	0.0466	20.0760	0.02361	1	367.3	497.4	0.0310	0.02993	516.1	933.7	132.15
159	5.3053	6.325	-6.000	2.000	20.153	41.037	0.0500	0.0443	19.5279	0.02666	1	377.3	491.7	0.0356	0.02252	484.4	888.1	131.50
160	5.3387	4.472	-4.000	2.000	19.971	42.426	0.0477	0.0398	19.7020	0.03054	1	384.7	482.8	0.0380	0.02297	464.7	823.9	130.47
161	5.3720	4.472	-4.000	2.000	19.326	39.699	0.0318	0.0455	18.9491	0.03454	1	386.8	473.2	0.0443	0.02611	464.5	819.6	128.97
162	5.4054	2.000	-2.000	0.000	18.006	38.419	0.0409	0.0602	17.8208	0.03736	1	390.5	467.9	0.0452	0.02021	464.7	818.8	127.97
163	5.4388	6.000	-6.000	0.000	17.257	39.598	0.0330	0.0648	16.7355	0.04045	1	396.1	467.4	0.0390	0.02271	462.2	840.8	127.10
164	5.4721	2.828	-2.000	-2.000	16.470	41.037	0.0250	0.0716	16.2250	0.04385	1	403.2	468.1	0.0401	0.02093	425.9	780.8	126.58
165	5.5055	4.472	-2.000	-4.000	16.009	38.210	0.0227	0.0614	15.5581	0.04585	1	412.4	471.3	0.0273	0.02205	291.1	583.4	126.25
166	5.5389	2.828	-2.000	-2.000	14.877	37.202	0.0102	0.0955	14.5579	0.04810	1	419.2	470.9	0.0294	0.00745	294.8	587.4	126.28
167	5.5722	2.828	-2.000	-2.000	14.776	41.037	0.0091	0.0920	14.5224	0.05069	1	422.7	473.0	0.0303	0.00745	295.8	591.3	126.21
168	5.6056	2.828	-2.000	-2.000	14.956	39.598	0.0080	0.0818	14.7050	0.05229	1	428.8	474.7	0.0313	0.00741	299.3	595.2	126.03
169	5.6390	2.828	-2.000	-2.000	14.018	39.598	0.0125	0.0864	13.7656	0.05516	1	439.0	476.3	0.0322	0.00901	298.8	599.7	126.00
170	5.6723	4.472	-2.000	-4.000	14.097	39.598	0.0182	0.0864	13.6698	0.05745	1	449.0	479.5	0.0358	0.00897	308.5	602.7	125.75
171	5.7057	4.000	0.000	-4.000	14.008	41.037	0.0114	0.0955	13.4892	0.06026	1	456.8	483.6	0.0368	0.00798	311.8	605.5	125.60
172	5.7391	12.166	-12.000	-2.000	17.002	38.210	0.0227	0.0227	12.7511	0.06107	1	472.9	486.2	0.0438	0.02048	299.0	532.8	125.74
173	5.7724	4.472	-2.000	-4.000	13.171	39.598	0.0159	0.1205	12.5886	0.06338	1	478.3	487.6	0.0399	0.01371	303.6	613.7	127.03
174	5.8058	4.000	0.000	-4.000	12.653	38.210	0.0102	0.0989	12.1977	0.06535	1	480.6	484.9	0.0388	0.00657	297.2	621.9	127.49
175	5.8392	4.472	-2.000	-4.000	12.895	39.699	0.0091	0.1227	11.9843	0.06895	1	490.8	484.6	0.0375	0.01153	299.0	642.0	128.83
176	5.8725	4.472	-2.000	-4.000	11.379	39.699	0.0318	0.1511	10.2870	0.06802	1	492.2	493.6	0.0379	0.01221	272.6	631.8	128.87
177	5.9059	6.000	0.000	-6.000	12.275	38.210	0.0148	0.1318	10.5715	0.06840	1	494.1	502.4	0.0378	0.00634	271.7	638.7	129.28
178	5.9393	6.000	0.000	-6.000	12.194	39.598	0.0034	0.1000	10.5590	0.07104	1	489.4	507.9	0.0383	0.00654	266.9	645.2	129.96
179	5.9726	6.325	-2.000	-6.000	13.044	39.699	0.0205	0.0716	11.0779	0.07327	1	489.7	512.2	0.0418	0.00935	301.2	657.5	130.49
180	6.0060	6.000	0.000	-6.000	13.445	41.037	0.0102	0.0670	11.3940	0.07390	1	488.3	515.9	0.0413	0.00720	307.1	663.8	130.91
181	6.0394	6.000	0.000	-6.000	13.335	41.037	0.0057	0.0659	10.9857	0.07508	1	486.3	521.7	0.0408	0.00750	303.1	669.7	131.03
182	6.0727	6.000	0.000	-6.000	13.458	42.426	0.0125	0.0841	11.2868	0.07373	1	486.7	531.9	0.0412	0.00704	305.2	676.2	131.07
183	6.1061	6.000	0.000	-6.000	12.245	41.037	0.0136	0.0705	10.2101	0.07414	1	486.7	536.1	0.0368	0.00872	270.1	675.8	131.24
184	6.1395	6.000	0.000	-6.000	12.724	39.598	0.0136	0.0523	10.7889	0.07579	1	484.1	538.3	0.0367	0.00542	269.8	684.6	131.34
185	6.1728	6.325	2.000	-6.000	12.981	39.598	0.0045	0.0625	10.9603	0.07651	1	483.4	543.7	0.0371	0.00600	266.3	688.2	131.38
186	6.2062	6.325	2.000	-6.000	13.269	39.598	0.0080	0.0489	11.2398	0.07496	1	486.9	550.7	0.0375	0.00568	270.4	693.0	130.90
187	6.2396	6.000	0.000	-6.000	13.755	42.426	0.0114	0.1386	11.6628	0.07396	1	492.5	556.0	0.0386	0.00613	272.6	697.9	130.53
188	6.2729	6.000	0.000	-6.000	12.973	39.699	0.0091	0.0193	10.8572	0.07404	1	497.1	562.9	0.0392	0.00527	274.8	700.5	130.32
189	6.3063	6.325	2.000	-6.000	13.437	41.037	0.0091	0.0125	11.1768	0.07553	1	495.8	567.8	0.0385	0.00626	273.1	708.6	130.34
190	6.3397	4.472	2.000	-4.000	12.260	42.426	0.0170	0.1182	10.3153	0.07585	1	498.4	570.0	0.0387	0.00467	273.2	714.3	129.81
191	6.3730	4.000	0.000	-4.000	11.620	42.426	0.0102	0.0693	10.2080	0.07762	1	499.3	568.7	0.0351	0.00857	270.3	736.5	129.38
192	6.4064	4.000	0.000	-4.000	11.644	39.598	0.0159	0.1409	9.9380	0.07855	1	494.7	572.4	0.0340	0.01142	264.7	719.5	128.95
193	6.4398	4.000	0.000	-4.000	11.656	41.037	0.0227	0.1966	9.6648	0.07591	1	492.1	580.5	0.0381	0.00873	271.6	725.0	128.34
194	6.4731	4.000	0.000	-4.000	11.544	39.699	0.0182	0.2057	9.5906	0.07638	1	484.4	584.9	0.0378	0.00461	269.9	727.9	128.13
195	6.5065	4.000	0.000	-4.000	9.985	38.419	0.0500	0.0375	8.6786	0.07830	1	473.3	587.9	0.0364	0.00486	264.6	732.1	128.29
196	6.5399	2.000	0.000	-2.000	9.631	39.598	0.0443	0.1205	8.4426	0.08061	1	461.3	589.6	0.0338	0.00625	256.2	739.0	128.10
197	6.5732	2.000	0.000	-2.000	7.304	34.409	0.0295	0.4000	6.0370	0.07991	1	453.1	592.9	0.0330	0.00321	252.5	743.8	128.41
198	6.6066	2.000	0.000	-2.000	6.901	33.941	0.0227	0.3716	5.6831	0.07990	1	451.4	593.1	0.0331	0.00318	253.7	745.5	128.31
199	6.6400	2.000	0.000	-2.000	8.212	39.598	0.0136	0.1739	6.9799	0.07870	1	456.4	597.3	0.0339	0.00299	255.1	747.8	128.11
200	6.6733	4.000	0.000	-4.000	9.644	39.598	0.0261	0.1011	8.4036	0.07811	1	463.2	605.1	0.0345	0.00380	259.2	748.4	127.99
201	6.7067	2.000	0.000	-2.000	7.177	33.941	0.0261	0.4727	5.8236	0.07680	1	470.4	612.3	0.0396	0.00833	297.8	755.9	128.08
202	6.7401	2.000	0.000	-2.000	6.511	39.699	0.0284	0.5114	5.1454	0.07520	1	474.3	616.5	0.0396	0.00234	297.8	758.2	127.91
203	6.7734	2.000	0.000	-2.000	4.815	39.598	0.0318	0.6511	3.2770	0.07623	1	474.0	617.9	0.0407	0.00285	298.7	760.1	127.93
204	6.8068	2.000	0.000	-2.000	4.181	35.609	0.0398	0.0000	2.6402	0.07730	1	471.2	619.3	0.0357	0.00648	260.3	760.3	127.70
205	6.8402	2.000	0.000	-2.000	4.187	35.384	0.0500	0.0000	2.7357	0.07783	1	466.1	617.4	0.0344	0.00374	258.5	760.5	127.92
206	6.8735	2.000	0.000	-2.000	3.037	34.986	0.0330	0.0023	1.3044	0.07786	1	463.9	619.1	0.0344	0.00225	258.6	764.1	127.82
207	6.9069	0.000	0.000	0.000	1.167	24.000	0.0205	0.4227	1.1665	0.07785	1	465.2	620.2	0.0351	0.00184	260.7	763.0	127.85
208	6.9403	0.000	0.000	0.000	0.934	36.878	0.0727	0.8489	0.9343	0.07805	1	468.8	619.2	0.0360	0.00277	262.2	765.2	127.83
209	6.9736	0.000	0.000	0.000	1.038	34.000	0.0648	0.7148	1.0380	0.07727	1	472.5	620.3	0.0365	0.00201	262.5	764.3	127.51
210	7.0070	0.000	0.000	0.000	0.344	28.844	0.0750	0.9045	0.3441	0.07725	1	471.4	621.3	0.0362	0.00074	260.9	763.9	127.69
211	7.0404	0.000	0.000	0.000	0.944	36.878	0.0716	0.8875	0.9438	0.07818	1	467.0	621.1	0.0395	0.00568	297.5	771.2	127.60
212	7.0737	0.000	0.000	0.000	0.878	32.311	0.0670	0.9011	0.8783	0.07906	1	465.4	619.7	0.0349	0.00615	258.4	766.6	127.44
213	7.1071	0.000	0.000	0.000	1.745	30.529	0.0909	0.6364	1.7453	0.07975	1	471.4	615.4	0.0363	0.00319	265.2	768.7	127.45
214	7.1405	0.000	0.000	0.000	1.489	38.419	0.0920	0.8727	1.4893	0.07824	1	477.5	615.3	0.0374	0.00315	269.1	764.9	127.40
215	7.1738	0.000	0.000	0.000	0.932	37.202	0.0761	0.8898	0.9320	0.07672	1	482.9	619.6	0.0370	0.00229	268.9	761.9	127.07
216	7.2072	0.000	0.000	0.000	0.841	35.384	0.0761	0.8739	0.8411	0.07703	1	481.3	620.0	0.0377	0.00287	270.3	761.6	127.24
217	7.2406	0.000	0.000	0.000	0.662	34.409	0.0545	0.9250	0.6621	0.07848	1	479.1	617.7	0.0373	0.00156	266.5	762.2	127.33
218	7.2739	0.000	0.000	0.000	1.429	31.623	0.0330	0.3580	1.4288	0.07802	1	480.1	617.7	0.0365	0.00229	264.4	760.6	127.32
219	7.3073	2.000	-2.000	0.000	1.760	32.311	0.0443	0.2420	1.6386	0.07729	1	478.9	616.2	0.0368	0.00203	266.1	761.3	127.41
220	7.3407	0.000	0.000	0.000	0.630	28.425	0.0614	0.8375	0.6298	0.07738	1	477.8	614.9	0.0358	0.00196	266.1	760.6	127.34
221	7.3740	0.000	0.000	0.000	0.706	32.802	0.0534	0.8170	0.7059	0.07782	1	477.2	611.2	0.0369	0.00196	267.7	760.7	127.31
222	7.4074	0.000	0.000	0.000	0.744	29.732	0.0545	0.8455	0.7441	0.07829	1	473.9	612.6	0.0359	0.00226	266.1	759.7	127.40
223	7.4408	0.000	0.000	0.000	2.059	34.409	0.0557	0.2102	2.0589	0.07776	1	470.9	612.8	0.0357	0.00261	263.4	760.4	127.40
224	7.4741	2.000	2.000	0.000	3.169	31.623	0.0170	0.0000	1.7902	0.07729	1	470.8	612.2	0.0358	0.00228	262.5	760.1	127.59
225	7.5075	2.000	2.000	0.000	2.543	30.265	0.0318	0.0193	1.3897	0.07668	1	473.4	612.1	0.0361	0.00203	262.3	757.4	126.98
226	7.5409	2.000	2.000	0.000	3.078	38.419	0.0227	0.0045	1.5515	0.07717	1	472.1	611.7	0.0365	0.00270	263.6	757.4	127.08
227	7.5742	2.000	2.000	0.000	2.782	30.067	0.0250	0.0000	1.0340	0.07612	1	469.8	612.9	0.0359	0.00292	259.4	755.7	126.95
228	7.6076	2.000	2.000	0.000	2.620	28.844	0.0341	0.0057	0.8026	0.07696	1	467.7	611.7	0.0362	0.00274	259.3	756.2	126.62
229	7.6410	2.000	2.000	0.000	3.590	28.844	0.0625	0.0000	1.8919	0.07812	1	461.5	608.5	0.0360	0.00280	257.4	754.8	126.58
230	7.6743	2.000	2.000	0.000	3.635	39.699	0.0557	0.0000	2.0285	0.07894	1	457.3	604.8	0.0348	0.00362	253.3	755.6	126.54
231	7.7077	2.000	2.000	0.000	2.999	30.529	0.0386	0.0000	1.3362	0.07922	1	453.1	604.8	0.0353	0.00247	254.8	755.4	126.41
232	7.7411	2.828	2.000	2.000	3.609	36.878	0.0295	0.0000	2.0909	0.07983	1	451.9	604.7	0.0337	0.00351	252.2	752.2	126.46
233	7.7744	2.828	2.000	2.000	4.582	33.941	0.0409	0.0011	2.3720	0.07929	1	450.7	605.0	0.0331	0.00246	250.1	752.0	126.38
234	7.8078	2.828	2.000	2.000	3.824	36.878	0.0307	0.0045	2.0072	0.07834	1	451.7	605.2	0.0330	0.00202	250.6	751.0	126.12
235	7.8412	2.828	2.000	2.000	4.287	36.770	0.0852	0.0045	3.0527	0.07928	1	457.2	599.0	0.0352	0.00338	257.7	749.7	126.14
236	7.8745	2.828	2.000	2.000	3.911	34.986	0.0614	0.0023	2.2881	0.07794	1	460.2	597.8	0.0360	0.00231	258.7	747.3	126.09
237	7.9079	2.828	2.000	2.000	2.902	33.941	0.0716	0.0432	2.3243	0.07735	1	455.9	598.8	0.0352	0.00236	255.5	745.7	126.22
238	7.9413	0.000	0.000	0.000	1.511	31.623	0.0943	0.8330	1.5109	0.07847	1	449.5	600.4	0.0334	0.00364	250.5	744.2	126.30
239	7.9746	0.000	0.000	0.000	0.882	32.558	0.0705	0.8511	0.8825	0.07810	1	446.8	601.4	0.0336	0.00124	250.8	742.8	126.50
240	8.0080	0.000	0.000	0.000	0.950	34.000	0.0784	0.8864	0.9501	0.07901	1	442.6	599.3	0.0331	0.00201	248.7	744.5	126.55
241	8.0414	2.000	2.000	0.000	2.798	38.419	0.0739	0.0398	1.4232	0.07900	1	435.4	598.5	0.0326	0.00217	246.8	744.5	126.65
242	8.0747	0.000	0.000	0.000	0.759	28.844	0.0591	0.8341	0.7585	0.07912	1	433.2	597.3	0.0319	0.00145	245.6	746.4	126.66
243	8.1081	0.000	0.000	0.000	1.128	22.000	0.0580	0.5659	1.1278	0.07900	1	436.0	596.8	0.0317	0.00149	246.6	747.9	126.62
244	8.1415	2.000	2.000	0.000	2.394	32.558	0.0625	0.0875	2.0577	0.07917	1	439.7	595.0	0.0317	0.00257	247.3	745.1	126.68
245	8.1748	2.000	0.000	2.000	3.981	36.878	0.0648	0.0034	2.4032	0.07751	1	446.9	595.1	0.0338	0.00383	252.9	742.6	126.43
246	8.2082	2.000	0.000	2.000	2.009	33.941	0.0307	0.1750	1.2146	0.07692	1	449.3	596.8	0.0340	0.00150	253.6	741.2	126.61
247	8.2416	2.000	0.000	2.000	2.884	33.941	0.0398	0.0023	1.3087	0.07741	1	445.1	595.2	0.0341	0.00187	254.2	739.7	126.84
248	8.2749	0.000	0.000	0.000	2.227	35.384	0.0705	0.3705	2.2274	0.07879	1	439.3	594.2	0.0335	0.00221	250.9	740.3	126.95
249	8.3083	2.000	2.000	0.000	2.604	34.059	0.0977	0.1295	1.9403	0.07915	1	431.3	592.1	0.0316	0.00394	243.8	742.3	127.01
250	8.3417	2.000	2.000	0.000	2.392	36.056	0.0102	0.0000	0.5805	0.07911	1	428.4	591.1	0.0311	0.00189	245.2	740.0	126.95
251	8.3750	2.000	2.000	0.000	1.965	26.000	0.0330	0.0352	0.9507	0.07839	1	429.4	591.7	0.0314	0.00147	246.4	739.0	126.82
252	8.4084	2.000	2.000	0.000	2.223	26.000	0.0284	0.0295	0.6794	0.07839	1	429.6	591.1	0.0314	0.00131	247.0	739.0	126.62
253	8.4418	2.000	2.000	0.000	1.690	22.000	0.0068	0.0795	0.5141	0.07885	1	428.2	590.5	0.0314	0.00137	246.8	738.0	126.63
254	8.4751	0.000	0.000	0.000	0.409	25.612	0.0534	0.8977	0.4092	0.07795	1	427.5	592.2	0.0309	0.00072	245.4	738.2	126.47
255	8.5085	0.000	0.000	0.000	0.264	22.091	0.0375	0.9375	0.2636	0.07696	1	428.6	593.9	0.0308	0.00106	247.2	740.5	126.23
256	8.5419	0.000	0.000	0.000	0.810	30.463	0.0670	0.8943	0.8099	0.07696	1	431.4	594.7	0.0317	0.00145	248.2	739.3	126.18
257	8.5752	0.000	0.000	0.000	0.906	36.770	0.0693	0.8830	0.9060	0.07744	1	434.8	594.0	0.0330	0.00257	251.9	740.5	126.18
258	8.6086	2.000	-2.000	0.000	1.530	28.425	0.0182	0.1682	1.1333	0.07754	1	433.7	594.7	0.0317	0.00234	247.6	739.4	126.15
259	8.6420	2.000	-2.000	0.000	2.757	34.986	0.0477	0.0170	1.2166	0.07907	1	431.2	592.8	0.0317	0.00191	247.2	741.2	126.62
260	8.6753	2.000	-2.000	0.000	2.113	26.907	0.0443	0.0295	1.0160	0.07964	1	429.5	592.0	0.0317	0.00147	246.9	741.9	126.55
261	8.7087	2.000	-2.000	0.000	2.153	18.111	0.0091	0.0000	0.5780	0.07920	1	429.8	594.3	0.0311	0.00184	244.1	743.0	126.65
262	8.7421	2.000	-2.000	0.000	2.391	27.857	0.0273	0.0000	0.5375	0.07854	1	431.6	596.6	0.0321	0.00203	245.4	742.5	126.63
263	8.7754	2.000	-2.000	0.000	2.196	31.623	0.0659	0.0864	1.1709	0.07892	1	435.7	595.0	0.0326	0.00261	248.1	742.8	126.57
264	8.8088	2.000	-2.000	0.000	2.861	41.037	0.0625	0.0000	0.9790	0.07951	1	439.9	592.9	0.0336	0.00318	250.8	743.9	126.81
265	8.8422	2.000	-2.000	0.000	2.427	30.000	0.0295	0.0080	0.8420	0.07876	1	441.5	591.9	0.0339	0.00165	250.2	743.3	126.82
266	8.8755	2.000	-2.000	0.000	2.385	30.067	0.0545	0.0261	1.2665	0.07866	1	439.2	594.7	0.0332	0.00302	248.3	740.8	127.13
267	8.9089	2.000	-2.000	0.000	2.613	26.077	0.0523	0.0000	1.0581	0.07805	1	437.9	598.0	0.0328	0.00192	246.3	741.7	127.14
268	8.9423	2.000	-2.000	0.000	2.320	23.324	0.0068	0.0000	0.5389	0.07876	1	439.6	598.1	0.0329	0.00180	247.0	742.5	127.36
269	8.9756	2.000	-2.000	0.000	2.712	33.941	0.0545	0.0000	1.0482	0.07897	1	443.6	596.2	0.0331	0.00202	249.1	743.8	127.58
270	9.0090	2.000	-2.000	0.000	3.245	33.287	0.0602	0.0000	1.4217	0.07834	1	448.7	595.8	0.0337	0.00308	252.5	744.9	127.39
271	9.0424	2.000	-2.000	0.000	4.784	35.384	0.0568	0.7080	3.0902	0.07849	1	458.3	596.2	0.0357	0.00485	257.5	745.0	127.89
272	9.0757	2.000	-2.000	0.000	2.621	33.941	0.0398	0.0000	0.8578	0.07796	1	460.1	598.8	0.0352	0.00218	256.2	744.4	127.81
273	9.1091	2.000	-2.000	0.000	3.014	34.059	0.0818	0.0023	1.5208	0.07737	1	457.1	602.3	0.0350	0.00225	256.8	744.9	127.90
274	9.1425	2.000	-2.000	0.000	2.281	30.594	0.0466	0.0545	1.3876	0.07855	1	453.8	599.6	0.0334	0.00262	252.7	746.1	127.96
275	9.1758	0.000	0.000	0.000	0.609	34.986	0.0523	0.8784	0.6088	0.07891	1	451.6	598.2	0.0341	0.00203	253.4	749.1	128.09
276	9.2092	0.000	0.000	0.000	0.354	19.799	0.0784	0.8761	0.3544	0.07873	1	451.7	598.9	0.0335	0.00198	252.5	748.5	128.13
277	9.2426	0.000	0.000	0.000	1.557	33.106	0.0443	0.2977	1.5570	0.07862	1	453.8	601.1	0.0340	0.00162	254.1	749.5	128.05
278	9.2759	0.000	0.000	0.000	0.796	33.941	0.0443	0.7045	0.7964	0.07805	1	455.3	601.1	0.0351	0.00231	257.1	751.4	127.93
279	9.3093	0.000	0.000	0.000	0.360	11.314	0.0886	0.8773	0.3597	0.07737	1	457.4	603.4	0.0350	0.00122	256.1	751.4	127.83
280	9.3427	2.000	2.000	0.000	1.396	31.305	0.0250	0.2955	1.2924	0.07742	1	457.0	604.3	0.0349	0.00147	256.4	751.9	127.65
281	9.3760	2.000	2.000	0.000	2.308	22.627	0.0205	0.0000	0.5388	0.07710	1	455.1	606.5	0.0347	0.00208	254.7	752.9	127.44
282	9.4094	2.000	2.000	0.000	2.053	16.000	0.0034	0.0148	0.3800	0.07747	1	453.7	604.4	0.0338	0.00276	250.2	752.1	127.45
283	9.4428	2.000	2.000	0.000	2.494	31.305	0.0239	0.0011	0.8534	0.07774	1	454.5	603.1	0.0348	0.00257	255.5	752.6	127.21
284	9.4761	2.000	2.000	0.000	3.651	33.941	0.0284	0.0000	2.3110	0.07752	1	453.5	601.7	0.0345	0.00214	254.8	751.7	127.28
285	9.5095	2.000	2.000	0.000	2.608	25.298	0.0205	0.0239	1.7407	0.07777	1	455.2	601.9	0.0348	0.00140	255.1	750.6	127.23
286	9.5429	0.000	0.000	0.000	0.855	36.878	0.0818	0.7193	0.8548	0.07749	1	457.9	602.0	0.0352	0.00140	256.5	748.1	127.01
287	9.5762	0.000	0.000	0.000	0.253	14.422	0.0432	0.8977	0.2532	0.07777	1	457.4	601.2	0.0354	0.00139	255.4	745.7	126.95
288	9.6096	0.000	0.000	0.000	1.442	26.907	0.0545	0.4352	1.4421	0.07710	1	455.7	602.1	0.0352	0.00188	254.3	744.1	126.94
289	9.6430	0.000	0.000	0.000	1.286	38.210	0.0955	0.7295	1.2861	0.07738	1	448.5	601.3	0.0337	0.00382	251.8	746.5	126.87
290	9.6763	0.000	0.000	0.000	0.583	25.456	0.0500	0.8920	0.5834	0.07832	1	445.4	599.6	0.0337	0.00232	251.3	747.3	126.79
291	9.7097	0.000	0.000	0.000	0.354	20.000	0.0784	0.8534	0.3543	0.07823	1	446.6	599.5	0.0345	0.00151	254.1	748.2	126.37
292	9.7431	0.000	0.000	0.000	0.211	20.881	0.0466	0.9341	0.2109	0.07838	1	445.3	600.0	0.0346	0.00069	253.4	748.2	126.50
293	9.7764	0.000	0.000	0.000	0.411	33.941	0.0375	0.9273	0.4111	0.07844	1	446.1	598.9	0.0345	0.00110	252.0	748.5	126.60
294	9.8098	0.000	0.000	0.000	0.591	22.804	0.0580	0.8966	0.5913	0.07735	1	449.4	597.9	0.0343	0.00127	253.0	747.4	126.50
295	9.8432	0.000	0.000	0.000	1.312	31.623	0.0886	0.8807	1.3115	0.07746	1	457.1	599.3	0.0353	0.00229	256.4	745.1	126.29
296	9.8765	0.000	0.000	0.000	1.102	30.529	0.0864	0.8920	1.1017	0.07650	1	463.2	601.7	0.0363	0.00274	259.2	744.8	126.26
297	9.9099	0.000	0.000	0.000	0.652	30.594	0.0580	0.8977	0.6525	0.07614	1	467.7	604.7	0.0329	0.00506	249.0	740.2	126.25
298	9.9433	0.000	0.000	0.000	0.562	23.324	0.0489	0.8830	0.5615	0.07570	1	466.5	604.9	0.0355	0.00618	256.3	741.2	126.22
299	9.9766	0.000	0.000	0.000	0.967	36.056	0.0841	0.8852	0.9672	0.07616	1	464.6	600.2	0.0363	0.00230	257.5	742.9	126.14
300	10.0100	0.000	0.000	0.000	1.113	36.770	0.0636	0.7432	1.1130	0.07719	1	462.7	594.5	0.0360	0.00162	257.5	742.3	126.21
301	10.0434	0.000	0.000	0.000	1.062	28.425	0.0114	0.4409	1.0618	0.07770	1	461.1	593.6	0.0315	0.00566	247.4	738.4	126.22
302	10.0767	2.000	0.000	2.000	2.377	28.844	0.0330	0.0318	1.8135	0.07854	1	460.1	593.2	0.0356	0.00575	257.0	740.9	126.27
303	10.1101	2.828	2.000	2.000	3.490	33.941	0.0341	0.0000	1.9125	0.07914	1	458.6	592.5	0.0350	0.00225	256.0	739.2	126.48
304	10.1435	2.828	2.000	2.000	2.643	41.037	0.0284	0.0261	2.2277	0.07658	1	455.7	595.6	0.0350	0.00303	257.3	735.5	126.18
305	10.1768	2.828	2.000	2.000	3.647	33.941	0.0409	0.0000	2.0864	0.07710	1	454.3	593.3	0.0313	0.00587	249.0	734.5	126.20
306	10.2102	2.000	2.000	0.000	2.630	38.419	0.0273	0.0034	1.6159	0.07817	1	451.9	587.8	0.0318	0.00195	252.2	732.9	126.36
307	10.2436	0.000	0.000	0.000	1.036	32.802	0.0898	0.8500	1.0357	0.07832	1	446.7	588.7	0.0342	0.00563	253.4	732.4	126.34
308	10.2769	0.000	0.000	0.000	1.238	35.384	0.0864	0.8182	1.2378	0.07692	1	442.6	593.7	0.0333	0.00180	253.1	734.3	126.22
309	10.3103	2.000	2.000	0.000	2.468	31.305	0.0568	0.0523	1.2538	0.07816	1	439.1	593.1	0.0321	0.00226	251.0	737.8	126.40
310	10.3437	0.000	0.000	0.000	1.365	33.941	0.0568	0.4670	1.3648	0.07885	1	439.9	589.6	0.0318	0.00184	249.8	736.8	126.31
311	10.3770	0.000	0.000	0.000	0.781	30.594	0.0807	0.8886	0.7812	0.08010	1	440.1	586.3	0.0332	0.00202	252.6	737.5	126.19
312	10.4104	0.000	0.000	0.000	0.514	31.241	0.0580	0.9023	0.5139	0.08005	1	441.6	585.5	0.0332	0.00104	254.1	736.4	126.13
313	10.4438	0.000	0.000	0.000	0.443	26.077	0.0420	0.9216	0.4432	0.07917	1	441.2	586.9	0.0335	0.00093	255.1	735.9	125.97
314	10.4771	0.000	0.000	0.000	0.648	31.241	0.0750	0.8864	0.6483	0.07749	1	439.4	591.3	0.0324	0.00150	251.7	737.2	125.99
315	10.5105	0.000	0.000	0.000	0.508	33.941	0.0534	0.9114	0.5084	0.07817	1	437.6	591.3	0.0324	0.00119	253.1	738.7	126.05
316	10.5439	0.000	0.000	0.000	0.780	34.059	0.0693	0.8477	0.7796	0.08008	1	439.0	587.7	0.0329	0.00148	252.9	737.7	126.37
317	10.5772	0.000	0.000	0.000	1.240	22.091	0.0295	0.3420	1.2403	0.08006	1	437.6	588.0	0.0330	0.00144	252.0	738.7	126.39
318	10.6106	0.000	0.000	0.000	0.716	34.000	0.0466	0.7784	0.7155	0.07937	1	436.4	589.5	0.0329	0.00303	250.8	736.3	126.94
319	10.6440	2.000	-2.000	0.000	2.703	31.305	0.0330	0.0000	0.8608	0.07971	1	440.1	588.3	0.0339	0.00320	252.3	738.8	127.00
320	10.6773	4.000	-4.000	0.000	9.022	41.037	0.0159	0.1648	6.5920	0.08114	1	448.0	590.8	0.0776	0.04713	315.9	698.3	128.15
321	10.7107	2.000	0.000	-2.000	3.708	35.384	0.0318	0.0068	3.0415	0.07834	1	448.7	591.5	0.0462	0.03317	326.6	712.0	127.30
